wavs/cs_0001.wav|juliett india one november oscar lima
wavs/cs_0002.wav|juliett sierra one mike november foxtrot
wavs/cs_0003.wav|juliett delta zero golf uniform alpha
wavs/cs_0004.wav|juliett lima eight kilo oscar lima
wavs/cs_0005.wav|juliett bravo four oscar foxtrot whiskey
wavs/cs_0006.wav|juliett charlie seven sierra juliett hotel
wavs/cs_0007.wav|juliett echo three alpha whiskey uniform
wavs/cs_0008.wav|juliett india zero yankee whiskey november
wavs/cs_0009.wav|juliett tango six charlie uniform charlie
wavs/cs_0010.wav|juliett golf two oscar lima tango
wavs/cs_0011.wav|juliett papa eight golf whiskey foxtrot
wavs/cs_0012.wav|juliett november one uniform kilo bravo
wavs/cs_0013.wav|juliett x-ray one juliett echo uniform
wavs/cs_0014.wav|juliett charlie two golf delta zulu
wavs/cs_0015.wav|juliett juliett six kilo sierra charlie
wavs/cs_0016.wav|juliett bravo one charlie quebec golf
wavs/cs_0017.wav|juliett oscar eight zulu quebec india
wavs/cs_0018.wav|juliett hotel one bravo hotel whiskey
wavs/cs_0019.wav|juliett yankee two kilo romeo papa
wavs/cs_0020.wav|juliett tango six papa quebec echo
wavs/cs_0021.wav|juliett golf two november zulu romeo
wavs/cs_0022.wav|juliett mike two uniform victor bravo
wavs/cs_0023.wav|juliett tango six golf juliett foxtrot
wavs/cs_0024.wav|juliett yankee seven juliett lima kilo
wavs/cs_0025.wav|juliett mike two x-ray hotel november
wavs/cs_0026.wav|juliett whiskey one hotel romeo charlie
wavs/cs_0027.wav|juliett quebec seven november sierra juliett
wavs/cs_0028.wav|juliett charlie five whiskey x-ray sierra
wavs/cs_0029.wav|juliett oscar six uniform bravo sierra
wavs/cs_0030.wav|juliett uniform one bravo foxtrot hotel
wavs/cs_0031.wav|juliett quebec five charlie november juliett
wavs/cs_0032.wav|juliett zulu seven quebec alpha alpha
wavs/cs_0033.wav|juliett quebec one echo quebec quebec
wavs/cs_0034.wav|juliett sierra nine kilo tango papa
wavs/cs_0035.wav|juliett zulu zero tango papa november
wavs/cs_0036.wav|juliett hotel one romeo charlie quebec
wavs/cs_0037.wav|juliett papa three whiskey x-ray delta
wavs/cs_0038.wav|juliett golf nine whiskey victor foxtrot
wavs/cs_0039.wav|juliett yankee zero november golf victor
wavs/cs_0040.wav|juliett whiskey three tango mike yankee
wavs/cs_0041.wav|juliett golf eight romeo charlie echo
wavs/cs_0042.wav|juliett bravo five golf echo hotel
wavs/cs_0043.wav|juliett november two foxtrot papa tango
wavs/cs_0044.wav|juliett delta six oscar sierra india
wavs/cs_0045.wav|juliett november two yankee golf papa
wavs/cs_0046.wav|juliett golf six lima romeo lima
wavs/cs_0047.wav|juliett foxtrot zero delta foxtrot oscar
wavs/cs_0048.wav|juliett alpha one bravo echo hotel
wavs/cs_0049.wav|juliett yankee four oscar india bravo
wavs/cs_0050.wav|juliett juliett five papa yankee papa
wavs/cs_0051.wav|juliett whiskey zero papa bravo whiskey
wavs/cs_0052.wav|juliett yankee eight delta alpha echo
wavs/cs_0053.wav|juliett november zero quebec golf november
wavs/cs_0054.wav|juliett quebec five romeo uniform victor
wavs/cs_0055.wav|juliett echo four november zulu juliett
wavs/cs_0056.wav|juliett uniform six kilo tango alpha
wavs/cs_0057.wav|juliett kilo four papa papa papa
wavs/cs_0058.wav|juliett mike four november yankee zulu
wavs/cs_0059.wav|juliett quebec four papa golf lima
wavs/cs_0060.wav|juliett delta eight charlie quebec zulu
wavs/cs_0061.wav|juliett romeo four foxtrot victor lima
wavs/cs_0062.wav|juliett uniform one echo romeo foxtrot
wavs/cs_0063.wav|juliett juliett zero zulu juliett tango
wavs/cs_0064.wav|juliett romeo four delta november x-ray
wavs/cs_0065.wav|juliett mike three kilo uniform x-ray
wavs/cs_0066.wav|juliett quebec six papa india juliett
wavs/cs_0067.wav|juliett golf seven x-ray uniform papa
wavs/cs_0068.wav|juliett kilo six zulu alpha quebec
wavs/cs_0069.wav|juliett foxtrot two november victor x-ray
wavs/cs_0070.wav|juliett sierra two zulu mike november
wavs/cs_0071.wav|juliett charlie three delta mike uniform
wavs/cs_0072.wav|juliett zulu five kilo yankee charlie
wavs/cs_0073.wav|juliett quebec four charlie victor november
wavs/cs_0074.wav|juliett echo nine quebec romeo mike
wavs/cs_0075.wav|juliett tango four sierra papa uniform
wavs/cs_0076.wav|juliett delta five kilo juliett echo
wavs/cs_0077.wav|juliett tango two india uniform whiskey
wavs/cs_0078.wav|juliett foxtrot six zulu uniform mike
wavs/cs_0079.wav|juliett yankee three whiskey kilo tango
wavs/cs_0080.wav|juliett juliett nine kilo mike x-ray
wavs/cs_0081.wav|juliett golf six mike whiskey november
wavs/cs_0082.wav|juliett charlie one alpha whiskey mike
wavs/cs_0083.wav|juliett kilo eight november echo november
wavs/cs_0084.wav|juliett bravo eight foxtrot sierra kilo
wavs/cs_0085.wav|juliett delta eight golf india delta
wavs/cs_0086.wav|juliett india nine charlie romeo uniform
wavs/cs_0087.wav|juliett whiskey six mike victor juliett
wavs/cs_0088.wav|juliett juliett zero x-ray mike bravo
wavs/cs_0089.wav|juliett mike nine juliett uniform uniform
wavs/cs_0090.wav|juliett whiskey zero romeo bravo whiskey
wavs/cs_0091.wav|juliett romeo one echo hotel sierra
wavs/cs_0092.wav|juliett papa seven romeo yankee juliett
wavs/cs_0093.wav|juliett hotel one uniform charlie tango
wavs/cs_0094.wav|juliett golf eight sierra kilo whiskey
wavs/cs_0095.wav|juliett x-ray one hotel uniform delta
wavs/cs_0096.wav|juliett papa eight yankee quebec alpha
wavs/cs_0097.wav|juliett echo three lima charlie whiskey
wavs/cs_0098.wav|juliett romeo seven echo echo lima
wavs/cs_0099.wav|juliett november seven alpha tango x-ray
wavs/cs_0100.wav|juliett lima one lima golf foxtrot
wavs/cs_0101.wav|juliett mike five whiskey kilo india
wavs/cs_0102.wav|juliett alpha five bravo golf uniform
wavs/cs_0103.wav|juliett juliett three victor tango charlie
wavs/cs_0104.wav|juliett sierra nine foxtrot kilo lima
wavs/cs_0105.wav|juliett november zero kilo juliett yankee
wavs/cs_0106.wav|juliett romeo four quebec bravo november
wavs/cs_0107.wav|juliett uniform five x-ray yankee tango
wavs/cs_0108.wav|juliett x-ray one alpha india india
wavs/cs_0109.wav|juliett foxtrot two victor tango mike
wavs/cs_0110.wav|juliett foxtrot three papa papa quebec
wavs/cs_0111.wav|juliett bravo three uniform victor bravo
wavs/cs_0112.wav|juliett quebec six juliett kilo golf
wavs/cs_0113.wav|juliett tango six alpha sierra oscar
wavs/cs_0114.wav|juliett lima zero sierra delta quebec
wavs/cs_0115.wav|juliett delta two golf x-ray romeo
wavs/cs_0116.wav|juliett echo one golf juliett mike
wavs/cs_0117.wav|juliett x-ray eight uniform victor quebec
wavs/cs_0118.wav|juliett sierra five juliett x-ray alpha
wavs/cs_0119.wav|juliett romeo one romeo india kilo
wavs/cs_0120.wav|juliett juliett zero delta bravo november
wavs/cs_0121.wav|juliett mike five juliett oscar november
wavs/cs_0122.wav|juliett golf eight juliett quebec echo
wavs/cs_0123.wav|juliett tango zero golf oscar whiskey
wavs/cs_0124.wav|juliett tango five lima uniform india
wavs/cs_0125.wav|juliett victor two x-ray kilo hotel
wavs/cs_0126.wav|juliett romeo seven x-ray papa india
wavs/cs_0127.wav|juliett kilo three bravo juliett quebec
wavs/cs_0128.wav|juliett charlie seven romeo oscar golf
wavs/cs_0129.wav|juliett kilo six romeo delta india
wavs/cs_0130.wav|juliett uniform one tango india kilo
wavs/cs_0131.wav|juliett alpha three echo kilo india
wavs/cs_0132.wav|juliett echo zero uniform juliett foxtrot
wavs/cs_0133.wav|juliett x-ray one echo november uniform
wavs/cs_0134.wav|juliett foxtrot five uniform whiskey foxtrot
wavs/cs_0135.wav|juliett echo eight lima juliett whiskey
wavs/cs_0136.wav|juliett juliett two bravo whiskey delta
wavs/cs_0137.wav|juliett india zero golf mike india
wavs/cs_0138.wav|juliett sierra eight delta golf whiskey
wavs/cs_0139.wav|juliett echo three kilo alpha kilo
wavs/cs_0140.wav|juliett india five mike sierra echo
wavs/cs_0141.wav|juliett mike four november lima foxtrot
wavs/cs_0142.wav|juliett hotel nine alpha lima zulu
wavs/cs_0143.wav|juliett quebec eight kilo quebec charlie
wavs/cs_0144.wav|juliett kilo five oscar delta lima
wavs/cs_0145.wav|juliett delta eight uniform whiskey juliett
wavs/cs_0146.wav|juliett kilo four whiskey tango november
wavs/cs_0147.wav|juliett kilo four india november hotel
wavs/cs_0148.wav|juliett india two zulu alpha echo
wavs/cs_0149.wav|juliett victor five kilo india november
wavs/cs_0150.wav|juliett charlie four november whiskey foxtrot
wavs/cs_0151.wav|echo five tango foxtrot victor
wavs/cs_0152.wav|whiskey oscar five uniform charlie whiskey
wavs/cs_0153.wav|whiskey india eight uniform whiskey tango
wavs/cs_0154.wav|oscar juliett six uniform charlie x-ray
wavs/cs_0155.wav|whiskey six juliett papa juliett
wavs/cs_0156.wav|juliett uniform zero lima november juliett
wavs/cs_0157.wav|kilo quebec five kilo november yankee
wavs/cs_0158.wav|tango quebec eight lima bravo november
wavs/cs_0159.wav|whiskey lima eight quebec zulu whiskey
wavs/cs_0160.wav|whiskey victor five foxtrot quebec x-ray
wavs/cs_0161.wav|kilo victor seven uniform november foxtrot
wavs/cs_0162.wav|romeo x-ray seven delta romeo quebec
wavs/cs_0163.wav|x-ray one bravo papa charlie
wavs/cs_0164.wav|november two papa lima echo
wavs/cs_0165.wav|bravo nine echo sierra victor
wavs/cs_0166.wav|whiskey hotel six november victor zulu
wavs/cs_0167.wav|juliett five november golf kilo
wavs/cs_0168.wav|whiskey kilo two kilo kilo juliett
wavs/cs_0169.wav|juliett zero sierra alpha sierra
wavs/cs_0170.wav|november foxtrot five kilo charlie papa
wavs/cs_0171.wav|whiskey papa three bravo juliett romeo
wavs/cs_0172.wav|kilo echo one november zulu golf
wavs/cs_0173.wav|quebec five oscar juliett echo
wavs/cs_0174.wav|hotel victor eight echo golf sierra
wavs/cs_0175.wav|juliett zero sierra whiskey charlie
wavs/cs_0176.wav|tango romeo one papa yankee papa
wavs/cs_0177.wav|zulu mike nine uniform quebec charlie
wavs/cs_0178.wav|juliett three echo sierra x-ray
wavs/cs_0179.wav|kilo mike one kilo echo quebec
wavs/cs_0180.wav|zulu hotel four papa mike mike
wavs/cs_0181.wav|kilo lima eight alpha hotel india
wavs/cs_0182.wav|yankee three mike delta november
wavs/cs_0183.wav|kilo romeo six hotel foxtrot lima
wavs/cs_0184.wav|mike three quebec juliett romeo
wavs/cs_0185.wav|juliett x-ray zero delta romeo uniform
wavs/cs_0186.wav|kilo sierra nine echo victor oscar
wavs/cs_0187.wav|whiskey two victor hotel yankee
wavs/cs_0188.wav|sierra eight zulu golf alpha
wavs/cs_0189.wav|november yankee two uniform november zulu
wavs/cs_0190.wav|charlie two bravo mike mike
wavs/cs_0191.wav|golf one alpha victor hotel
wavs/cs_0192.wav|november mike four golf x-ray delta
wavs/cs_0193.wav|uniform romeo one alpha foxtrot echo
wavs/cs_0194.wav|kilo oscar eight bravo bravo november
wavs/cs_0195.wav|november nine yankee lima victor
wavs/cs_0196.wav|kilo oscar eight alpha delta echo
wavs/cs_0197.wav|november tango five echo papa oscar
wavs/cs_0198.wav|papa four juliett india tango
wavs/cs_0199.wav|whiskey mike five tango echo oscar
wavs/cs_0200.wav|papa nine mike oscar foxtrot
wavs/cs_0201.wav|juliett lima five november delta zulu
wavs/cs_0202.wav|zulu zulu nine bravo oscar uniform
wavs/cs_0203.wav|whiskey sierra four india x-ray whiskey
wavs/cs_0204.wav|india lima seven zulu delta tango
wavs/cs_0205.wav|kilo zulu nine x-ray charlie lima
wavs/cs_0206.wav|november quebec five whiskey x-ray bravo
wavs/cs_0207.wav|whiskey charlie eight x-ray uniform hotel
wavs/cs_0208.wav|romeo delta eight alpha oscar mike
wavs/cs_0209.wav|whiskey hotel eight sierra uniform papa
wavs/cs_0210.wav|kilo six alpha quebec hotel
wavs/cs_0211.wav|kilo hotel zero echo golf hotel
wavs/cs_0212.wav|whiskey india zero sierra kilo whiskey
wavs/cs_0213.wav|oscar charlie one kilo golf lima
wavs/cs_0214.wav|kilo mike five yankee quebec bravo
wavs/cs_0215.wav|sierra six alpha sierra papa
wavs/cs_0216.wav|kilo x-ray four whiskey hotel delta
wavs/cs_0217.wav|kilo victor one golf mike echo
wavs/cs_0218.wav|juliett five juliett november golf
wavs/cs_0219.wav|november eight mike juliett victor
wavs/cs_0220.wav|november six juliett juliett romeo
wavs/cs_0221.wav|mike delta seven november echo india
wavs/cs_0222.wav|alpha romeo one hotel papa echo
wavs/cs_0223.wav|alpha three yankee oscar uniform
wavs/cs_0224.wav|juliett sierra zero india juliett delta
wavs/cs_0225.wav|kilo bravo nine echo yankee charlie
wavs/cs_0226.wav|kilo three delta charlie foxtrot
wavs/cs_0227.wav|whiskey juliett zero whiskey november delta
wavs/cs_0228.wav|juliett lima three zulu lima hotel
wavs/cs_0229.wav|yankee six lima lima lima
wavs/cs_0230.wav|november delta five zulu uniform lima
wavs/cs_0231.wav|tango one lima quebec victor
wavs/cs_0232.wav|kilo four oscar zulu papa
wavs/cs_0233.wav|hotel hotel nine sierra tango kilo
wavs/cs_0234.wav|november four golf delta hotel
wavs/cs_0235.wav|sierra one november victor golf
wavs/cs_0236.wav|whiskey delta six alpha juliett zulu
wavs/cs_0237.wav|foxtrot eight bravo charlie x-ray
wavs/cs_0238.wav|juliett whiskey four romeo quebec mike
wavs/cs_0239.wav|november six india quebec yankee
wavs/cs_0240.wav|foxtrot bravo zero yankee echo foxtrot
wavs/cs_0241.wav|tango yankee nine uniform lima kilo
wavs/cs_0242.wav|kilo tango zero lima uniform echo
wavs/cs_0243.wav|whiskey juliett three victor hotel x-ray
wavs/cs_0244.wav|juliett two charlie india uniform
wavs/cs_0245.wav|whiskey zero foxtrot kilo charlie
wavs/cs_0246.wav|kilo mike three x-ray papa foxtrot
wavs/cs_0247.wav|juliett juliett nine india mike papa
wavs/cs_0248.wav|whiskey sierra five sierra victor alpha
wavs/cs_0249.wav|delta whiskey eight romeo november juliett
wavs/cs_0250.wav|kilo echo two quebec tango charlie
wavs/cs_0251.wav|november uniform one echo zulu
wavs/cs_0252.wav|juliett foxtrot one alpha kilo
wavs/cs_0253.wav|whiskey zero echo
wavs/cs_0254.wav|golf alpha one bravo
wavs/cs_0255.wav|whiskey whiskey three x-ray oscar
wavs/cs_0256.wav|zulu hotel zero papa romeo
wavs/cs_0257.wav|kilo tango one victor x-ray
wavs/cs_0258.wav|whiskey zulu nine x-ray sierra
wavs/cs_0259.wav|kilo papa five november delta
wavs/cs_0260.wav|whiskey delta eight foxtrot
wavs/cs_0261.wav|tango kilo zero india
wavs/cs_0262.wav|november india zero whiskey yankee
wavs/cs_0263.wav|india whiskey one oscar
wavs/cs_0264.wav|whiskey eight whiskey echo
wavs/cs_0265.wav|kilo x-ray two yankee
wavs/cs_0266.wav|whiskey tango one november kilo
wavs/cs_0267.wav|whiskey victor two kilo mike
wavs/cs_0268.wav|golf golf one zulu
wavs/cs_0269.wav|november yankee nine november x-ray
wavs/cs_0270.wav|tango charlie four uniform zulu
wavs/cs_0271.wav|whiskey india four victor sierra
wavs/cs_0272.wav|hotel two foxtrot
wavs/cs_0273.wav|yankee india five november charlie
wavs/cs_0274.wav|juliett five foxtrot quebec
wavs/cs_0275.wav|lima lima five hotel bravo
wavs/cs_0276.wav|whiskey sierra seven foxtrot delta
wavs/cs_0277.wav|whiskey zero india whiskey
wavs/cs_0278.wav|echo five victor oscar
wavs/cs_0279.wav|whiskey x-ray zero papa
wavs/cs_0280.wav|x-ray papa four lima oscar
wavs/cs_0281.wav|whiskey three kilo november
wavs/cs_0282.wav|kilo victor one victor
wavs/cs_0283.wav|whiskey sierra zero india whiskey
wavs/cs_0284.wav|whiskey delta two juliett tango
wavs/cs_0285.wav|whiskey echo two whiskey
wavs/cs_0286.wav|juliett delta three zulu charlie
wavs/cs_0287.wav|whiskey zero tango
wavs/cs_0288.wav|whiskey six lima quebec
wavs/cs_0289.wav|kilo romeo five papa
wavs/cs_0290.wav|juliett delta seven golf zulu
wavs/cs_0291.wav|juliett kilo seven sierra
wavs/cs_0292.wav|delta echo seven india kilo
wavs/cs_0293.wav|whiskey romeo one oscar sierra
wavs/cs_0294.wav|november one foxtrot charlie
wavs/cs_0295.wav|lima echo seven alpha oscar
wavs/cs_0296.wav|charlie two romeo victor
wavs/cs_0297.wav|juliett delta six bravo delta
wavs/cs_0298.wav|oscar uniform six tango whiskey
wavs/cs_0299.wav|juliett uniform one romeo
wavs/cs_0300.wav|quebec hotel nine november whiskey
wavs/cs_0301.wav|november november seven bravo whiskey
wavs/cs_0302.wav|juliett india two x-ray india
wavs/cs_0303.wav|whiskey five alpha
wavs/cs_0304.wav|juliett foxtrot five uniform
wavs/cs_0305.wav|juliett hotel four romeo quebec
wavs/cs_0306.wav|november juliett five romeo golf
wavs/cs_0307.wav|charlie victor three foxtrot yankee
wavs/cs_0308.wav|november sierra five zulu kilo
wavs/cs_0309.wav|echo two hotel mike
wavs/cs_0310.wav|x-ray hotel nine bravo
wavs/cs_0311.wav|bravo x-ray eight sierra tango
wavs/cs_0312.wav|india alpha two bravo
wavs/cs_0313.wav|november four uniform alpha
wavs/cs_0314.wav|kilo tango eight kilo kilo
wavs/cs_0315.wav|romeo whiskey four mike foxtrot
wavs/cs_0316.wav|november three lima whiskey
wavs/cs_0317.wav|whiskey romeo six whiskey zulu
wavs/cs_0318.wav|juliett four tango papa
wavs/cs_0319.wav|november delta two quebec
wavs/cs_0320.wav|zulu x-ray two golf
wavs/cs_0321.wav|november five zulu
wavs/cs_0322.wav|kilo november eight hotel papa
wavs/cs_0323.wav|bravo four tango
wavs/cs_0324.wav|foxtrot charlie six zulu
wavs/cs_0325.wav|sierra alpha six november oscar
wavs/cs_0326.wav|november two echo delta
wavs/cs_0327.wav|echo charlie three papa x-ray
wavs/cs_0328.wav|kilo six foxtrot uniform
wavs/cs_0329.wav|delta victor five oscar zulu
wavs/cs_0330.wav|juliett victor zero x-ray juliett
wavs/cs_0331.wav|whiskey one lima charlie
wavs/cs_0332.wav|romeo sierra seven delta
wavs/cs_0333.wav|kilo one papa golf
wavs/cs_0334.wav|golf papa eight november whiskey
wavs/cs_0335.wav|juliett bravo nine papa x-ray
wavs/cs_0336.wav|whiskey charlie two bravo echo
wavs/cs_0337.wav|juliett papa nine zulu mike
wavs/cs_0338.wav|charlie six juliett
wavs/cs_0339.wav|november november six uniform
wavs/cs_0340.wav|juliett november nine zulu
wavs/cs_0341.wav|delta four november echo
wavs/cs_0342.wav|november four charlie whiskey
wavs/cs_0343.wav|juliett nine romeo bravo
wavs/cs_0344.wav|november nine yankee november
wavs/cs_0345.wav|juliett whiskey three golf november
wavs/cs_0346.wav|delta romeo zero quebec bravo
wavs/cs_0347.wav|whiskey charlie seven delta x-ray
wavs/cs_0348.wav|kilo charlie six alpha juliett
wavs/cs_0349.wav|tango delta eight romeo foxtrot
wavs/cs_0350.wav|x-ray yankee seven x-ray bravo
wavs/cs_0351.wav|lima two oscar golf
wavs/cs_0352.wav|whiskey lima four uniform november
wavs/cs_0353.wav|golf tango three sierra papa
wavs/cs_0354.wav|juliett nine victor hotel
wavs/cs_0355.wav|tango victor nine tango november
wavs/cs_0356.wav|november lima one golf alpha
wavs/cs_0357.wav|november echo eight kilo oscar
wavs/cs_0358.wav|golf echo nine juliett
wavs/cs_0359.wav|romeo five echo
wavs/cs_0360.wav|zulu charlie four bravo golf
wavs/cs_0361.wav|whiskey whiskey eight india
wavs/cs_0362.wav|juliett three zulu
wavs/cs_0363.wav|mike tango three india echo
wavs/cs_0364.wav|juliett zero quebec
wavs/cs_0365.wav|whiskey zero zulu
wavs/cs_0366.wav|alpha foxtrot nine november victor
wavs/cs_0367.wav|november seven tango foxtrot
wavs/cs_0368.wav|kilo papa eight oscar mike
wavs/cs_0369.wav|november six mike romeo
wavs/cs_0370.wav|november mike six oscar yankee
wavs/cs_0371.wav|quebec foxtrot five hotel lima
wavs/cs_0372.wav|juliett lima four india
wavs/cs_0373.wav|yankee two tango kilo
wavs/cs_0374.wav|echo echo seven lima
wavs/cs_0375.wav|golf six foxtrot tango
wavs/cs_0376.wav|juliett five charlie
wavs/cs_0377.wav|hotel two charlie juliett
wavs/cs_0378.wav|kilo x-ray nine uniform golf
wavs/cs_0379.wav|kilo oscar two victor x-ray
wavs/cs_0380.wav|kilo charlie eight romeo tango
wavs/cs_0381.wav|bravo zulu eight foxtrot
wavs/cs_0382.wav|november juliett eight tango charlie
wavs/cs_0383.wav|november eight november romeo
wavs/cs_0384.wav|hotel papa eight foxtrot
wavs/cs_0385.wav|uniform one kilo
wavs/cs_0386.wav|juliett one uniform romeo
wavs/cs_0387.wav|whiskey quebec four uniform november
wavs/cs_0388.wav|india zero romeo india
wavs/cs_0389.wav|whiskey mike two whiskey india
wavs/cs_0390.wav|november mike two charlie november
wavs/cs_0391.wav|victor charlie nine delta
wavs/cs_0392.wav|november golf nine juliett foxtrot
wavs/cs_0393.wav|alpha sierra three golf
wavs/cs_0394.wav|echo echo three oscar mike
wavs/cs_0395.wav|kilo two papa echo
wavs/cs_0396.wav|kilo romeo four echo victor
wavs/cs_0397.wav|whiskey yankee nine tango bravo
wavs/cs_0398.wav|whiskey four zulu x-ray
wavs/cs_0399.wav|juliett echo five juliett foxtrot
wavs/cs_0400.wav|juliett zulu one golf papa
wavs/cs_0401.wav|echo papa five uniform tango
wavs/cs_0402.wav|kilo november three tango
wavs/cs_0403.wav|victor echo four tango echo
wavs/cs_0404.wav|whiskey five quebec whiskey
wavs/cs_0405.wav|whiskey oscar zero uniform echo
wavs/cs_0406.wav|x-ray lima six yankee kilo
wavs/cs_0407.wav|whiskey six papa yankee
wavs/cs_0408.wav|oscar five mike
wavs/cs_0409.wav|november golf five foxtrot
wavs/cs_0410.wav|yankee x-ray zero hotel alpha
wavs/cs_0411.wav|november tango eight delta sierra
wavs/cs_0412.wav|juliett romeo eight foxtrot victor
wavs/cs_0413.wav|juliett zulu nine sierra delta
wavs/cs_0414.wav|kilo juliett eight hotel charlie
wavs/cs_0415.wav|lima four alpha papa
wavs/cs_0416.wav|bravo nine uniform zulu
wavs/cs_0417.wav|charlie seven oscar
wavs/cs_0418.wav|kilo one golf charlie
wavs/cs_0419.wav|victor four lima
wavs/cs_0420.wav|foxtrot hotel zero india bravo
wavs/cs_0421.wav|alpha bravo three india
wavs/cs_0422.wav|kilo hotel four mike papa
wavs/cs_0423.wav|whiskey delta six delta
wavs/cs_0424.wav|kilo sierra three mike uniform
wavs/cs_0425.wav|sierra delta seven victor yankee
wavs/cs_0426.wav|juliett bravo four x-ray
wavs/cs_0427.wav|kilo lima four charlie kilo
wavs/cs_0428.wav|kilo yankee four victor victor
wavs/cs_0429.wav|tango mike four x-ray bravo
wavs/cs_0430.wav|whiskey zero india victor
wavs/cs_0431.wav|november whiskey eight zulu tango
wavs/cs_0432.wav|whiskey oscar seven india alpha
wavs/cs_0433.wav|kilo juliett one bravo
wavs/cs_0434.wav|foxtrot two sierra tango
wavs/cs_0435.wav|juliett delta zero foxtrot delta
wavs/cs_0436.wav|india tango six tango foxtrot
wavs/cs_0437.wav|sierra hotel zero papa x-ray
wavs/cs_0438.wav|uniform oscar five papa
wavs/cs_0439.wav|x-ray quebec four alpha lima
wavs/cs_0440.wav|bravo bravo one charlie november
wavs/cs_0441.wav|alpha papa four foxtrot juliett
wavs/cs_0442.wav|romeo uniform four hotel uniform
wavs/cs_0443.wav|bravo three alpha india
wavs/cs_0444.wav|kilo juliett one lima papa
wavs/cs_0445.wav|whiskey foxtrot eight romeo sierra
wavs/cs_0446.wav|alpha bravo nine bravo romeo
wavs/cs_0447.wav|oscar golf eight papa x-ray
wavs/cs_0448.wav|juliett zero delta
wavs/cs_0449.wav|mike oscar three uniform zulu
wavs/cs_0450.wav|kilo four oscar quebec
wavs/cs_0451.wav|alpha seven sierra zulu
wavs/cs_0452.wav|golf november two romeo yankee
wavs/cs_0453.wav|whiskey victor zero bravo
wavs/cs_0454.wav|charlie echo three india november
wavs/cs_0455.wav|kilo delta nine alpha kilo
wavs/cs_0456.wav|victor zero india
wavs/cs_0457.wav|whiskey zulu eight tango
wavs/cs_0458.wav|delta november one romeo kilo
wavs/cs_0459.wav|yankee five juliett echo
wavs/cs_0460.wav|whiskey india nine romeo
wavs/cs_0461.wav|charlie nine uniform
wavs/cs_0462.wav|juliett foxtrot eight alpha
wavs/cs_0463.wav|uniform alpha three india bravo
wavs/cs_0464.wav|charlie nine sierra x-ray
wavs/cs_0465.wav|november zero echo
wavs/cs_0466.wav|kilo victor zero mike alpha
wavs/cs_0467.wav|november three quebec whiskey
wavs/cs_0468.wav|kilo india two mike
wavs/cs_0469.wav|juliett five delta golf
wavs/cs_0470.wav|quebec quebec two kilo whiskey
wavs/cs_0471.wav|kilo india two x-ray golf
wavs/cs_0472.wav|romeo foxtrot seven yankee
wavs/cs_0473.wav|oscar mike four papa echo
wavs/cs_0474.wav|victor zulu one victor victor
wavs/cs_0475.wav|kilo zero november kilo
wavs/cs_0476.wav|india hotel eight lima alpha
wavs/cs_0477.wav|november four hotel tango
wavs/cs_0478.wav|juliett three tango
wavs/cs_0479.wav|echo five alpha zulu
wavs/cs_0480.wav|whiskey yankee four juliett india
wavs/cs_0481.wav|x-ray five oscar yankee
wavs/cs_0482.wav|november foxtrot zero x-ray tango
wavs/cs_0483.wav|yankee six tango india
wavs/cs_0484.wav|alpha india six alpha
wavs/cs_0485.wav|november echo eight juliett
wavs/cs_0486.wav|echo kilo four golf whiskey
wavs/cs_0487.wav|yankee seven yankee
wavs/cs_0488.wav|whiskey one yankee foxtrot
wavs/cs_0489.wav|kilo uniform one lima delta
wavs/cs_0490.wav|november sierra four sierra
wavs/cs_0491.wav|echo november two foxtrot zulu
wavs/cs_0492.wav|sierra delta one quebec
wavs/cs_0493.wav|juliett november nine lima juliett
wavs/cs_0494.wav|kilo four hotel yankee
wavs/cs_0495.wav|whiskey delta two golf
wavs/cs_0496.wav|whiskey eight romeo papa
wavs/cs_0497.wav|whiskey bravo nine romeo lima
wavs/cs_0498.wav|sierra charlie three november foxtrot
wavs/cs_0499.wav|kilo six sierra
wavs/cs_0500.wav|whiskey hotel six zulu kilo
wavs/cs_0501.wav|november romeo five x-ray uniform
wavs/cs_0502.wav|kilo mike eight lima golf
wavs/cs_0503.wav|bravo victor seven foxtrot mike
wavs/cs_0504.wav|lima alpha nine charlie golf
wavs/cs_0505.wav|kilo juliett eight november lima
wavs/cs_0506.wav|november nine zulu juliett
wavs/cs_0507.wav|kilo victor zero victor november
wavs/cs_0508.wav|india whiskey one yankee charlie
wavs/cs_0509.wav|juliett golf one hotel kilo
wavs/cs_0510.wav|papa zulu seven romeo mike
wavs/cs_0511.wav|kilo nine whiskey
wavs/cs_0512.wav|uniform one zulu zulu
wavs/cs_0513.wav|sierra kilo zero kilo
wavs/cs_0514.wav|foxtrot quebec zero november yankee
wavs/cs_0515.wav|victor november nine golf delta
wavs/cs_0516.wav|november delta two victor hotel
wavs/cs_0517.wav|bravo uniform five echo zulu
wavs/cs_0518.wav|hotel zulu eight november golf
wavs/cs_0519.wav|kilo alpha seven x-ray kilo
wavs/cs_0520.wav|kilo one x-ray tango
wavs/cs_0521.wav|whiskey hotel two lima tango
wavs/cs_0522.wav|victor x-ray three zulu golf
wavs/cs_0523.wav|juliett tango five victor romeo
wavs/cs_0524.wav|whiskey x-ray five hotel x-ray
wavs/cs_0525.wav|november alpha seven golf
wavs/cs_0526.wav|kilo alpha two sierra uniform
wavs/cs_0527.wav|whiskey foxtrot zero oscar hotel
wavs/cs_0528.wav|november zulu seven x-ray
wavs/cs_0529.wav|november foxtrot eight november foxtrot
wavs/cs_0530.wav|hotel romeo five zulu juliett
wavs/cs_0531.wav|kilo seven november sierra
wavs/cs_0532.wav|whiskey whiskey eight november
wavs/cs_0533.wav|mike oscar nine kilo foxtrot
wavs/cs_0534.wav|victor nine whiskey yankee
wavs/cs_0535.wav|november seven quebec india
wavs/cs_0536.wav|oscar four zulu
wavs/cs_0537.wav|bravo echo three lima india
wavs/cs_0538.wav|november seven juliett x-ray
wavs/cs_0539.wav|whiskey zulu two quebec golf
wavs/cs_0540.wav|golf three uniform
wavs/cs_0541.wav|juliett kilo two uniform kilo
wavs/cs_0542.wav|juliett india five alpha yankee
wavs/cs_0543.wav|alpha five alpha zulu
wavs/cs_0544.wav|romeo whiskey six bravo
wavs/cs_0545.wav|kilo x-ray six yankee golf
wavs/cs_0546.wav|kilo three quebec bravo
wavs/cs_0547.wav|hotel whiskey one quebec
wavs/cs_0548.wav|juliett romeo six foxtrot juliett
wavs/cs_0549.wav|whiskey charlie three zulu yankee
wavs/cs_0550.wav|golf nine delta
wavs/cs_0551.wav|whiskey romeo four lima zulu
wavs/cs_0552.wav|whiskey alpha three golf romeo
wavs/cs_0553.wav|tango lima six papa zulu
wavs/cs_0554.wav|mike four mike juliett
wavs/cs_0555.wav|victor six zulu delta
wavs/cs_0556.wav|romeo lima five november quebec
wavs/cs_0557.wav|kilo quebec seven romeo delta
wavs/cs_0558.wav|tango three charlie
wavs/cs_0559.wav|lima three juliett lima
wavs/cs_0560.wav|india bravo zero november
wavs/cs_0561.wav|victor papa seven oscar whiskey
wavs/cs_0562.wav|oscar three echo papa
wavs/cs_0563.wav|foxtrot five tango quebec
wavs/cs_0564.wav|juliett romeo five romeo
wavs/cs_0565.wav|whiskey delta zero echo tango
wavs/cs_0566.wav|whiskey mike one romeo papa
wavs/cs_0567.wav|november mike seven sierra whiskey
wavs/cs_0568.wav|whiskey foxtrot two bravo
wavs/cs_0569.wav|whiskey five sierra
wavs/cs_0570.wav|zulu golf three x-ray foxtrot
wavs/cs_0571.wav|kilo charlie four quebec victor
wavs/cs_0572.wav|november x-ray one zulu tango
wavs/cs_0573.wav|hotel tango one yankee sierra
wavs/cs_0574.wav|kilo victor eight x-ray mike
wavs/cs_0575.wav|kilo one victor yankee
wavs/cs_0576.wav|juliett four november delta
wavs/cs_0577.wav|november kilo eight oscar hotel
wavs/cs_0578.wav|whiskey lima two charlie
wavs/cs_0579.wav|x-ray five yankee oscar
wavs/cs_0580.wav|uniform india three zulu
wavs/cs_0581.wav|oscar seven foxtrot charlie
wavs/cs_0582.wav|bravo zulu two kilo
wavs/cs_0583.wav|romeo india zero oscar
wavs/cs_0584.wav|tango nine victor lima
wavs/cs_0585.wav|foxtrot golf two zulu
wavs/cs_0586.wav|whiskey echo four quebec lima
wavs/cs_0587.wav|yankee tango nine kilo charlie
wavs/cs_0588.wav|juliett papa two india zulu
wavs/cs_0589.wav|delta november three x-ray x-ray
wavs/cs_0590.wav|alpha zulu five bravo mike
wavs/cs_0591.wav|whiskey foxtrot two echo yankee
wavs/cs_0592.wav|tango eight papa
wavs/cs_0593.wav|kilo seven india x-ray
wavs/cs_0594.wav|kilo whiskey nine oscar uniform
wavs/cs_0595.wav|kilo hotel eight india golf
wavs/cs_0596.wav|whiskey victor seven echo charlie
wavs/cs_0597.wav|november eight delta delta
wavs/cs_0598.wav|echo victor zero kilo quebec
wavs/cs_0599.wav|juliett one yankee
wavs/cs_0600.wav|november zulu eight echo echo
wavs/cs_0601.wav|mike one victor foxtrot
wavs/cs_0602.wav|whiskey hotel eight india
wavs/cs_0603.wav|uniform november eight echo delta
wavs/cs_0604.wav|yankee three mike zulu
wavs/cs_0605.wav|victor four quebec
wavs/cs_0606.wav|bravo six hotel victor
wavs/cs_0607.wav|whiskey nine romeo alpha
wavs/cs_0608.wav|uniform oscar seven hotel foxtrot
wavs/cs_0609.wav|whiskey four alpha golf
wavs/cs_0610.wav|uniform mike three victor
wavs/cs_0611.wav|mike lima one alpha
wavs/cs_0612.wav|kilo alpha nine foxtrot
wavs/cs_0613.wav|golf five delta uniform
wavs/cs_0614.wav|whiskey three zulu
wavs/cs_0615.wav|charlie zulu one golf
wavs/cs_0616.wav|whiskey india five sierra foxtrot
wavs/cs_0617.wav|whiskey sierra six juliett papa
wavs/cs_0618.wav|mike victor five lima bravo
wavs/cs_0619.wav|kilo five golf golf
wavs/cs_0620.wav|november romeo five bravo
wavs/cs_0621.wav|juliett two tango victor
wavs/cs_0622.wav|whiskey whiskey six mike bravo
wavs/cs_0623.wav|victor foxtrot six november tango
wavs/cs_0624.wav|kilo sierra nine romeo delta
wavs/cs_0625.wav|kilo hotel zero kilo delta
wavs/cs_0626.wav|november yankee two lima
wavs/cs_0627.wav|echo bravo zero kilo kilo
wavs/cs_0628.wav|delta bravo two charlie hotel
wavs/cs_0629.wav|november bravo six oscar juliett
wavs/cs_0630.wav|whiskey five foxtrot echo
wavs/cs_0631.wav|november six delta
wavs/cs_0632.wav|india six foxtrot kilo
wavs/cs_0633.wav|victor november seven delta alpha
wavs/cs_0634.wav|charlie echo five alpha oscar
wavs/cs_0635.wav|juliett bravo five sierra mike
wavs/cs_0636.wav|x-ray two romeo
wavs/cs_0637.wav|juliett bravo one delta zulu
wavs/cs_0638.wav|juliett two sierra uniform
wavs/cs_0639.wav|november two sierra india
wavs/cs_0640.wav|charlie oscar six sierra x-ray
wavs/cs_0641.wav|oscar india nine alpha foxtrot
wavs/cs_0642.wav|kilo eight hotel november
wavs/cs_0643.wav|papa oscar two papa x-ray
wavs/cs_0644.wav|november papa two mike lima
wavs/cs_0645.wav|romeo eight quebec victor
wavs/cs_0646.wav|hotel whiskey two tango juliett
wavs/cs_0647.wav|lima juliett one victor juliett
wavs/cs_0648.wav|november kilo two x-ray
wavs/cs_0649.wav|papa foxtrot six india whiskey
wavs/cs_0650.wav|kilo kilo five kilo golf
wavs/cs_0651.wav|kilo nine tango whiskey
wavs/cs_0652.wav|whiskey lima seven india alpha
wavs/cs_0653.wav|november delta nine hotel
wavs/cs_0654.wav|kilo november one foxtrot x-ray
wavs/cs_0655.wav|whiskey two bravo victor
wavs/cs_0656.wav|kilo tango three foxtrot sierra
wavs/cs_0657.wav|whiskey zero alpha
wavs/cs_0658.wav|golf uniform four foxtrot foxtrot
wavs/cs_0659.wav|mike victor one mike yankee
wavs/cs_0660.wav|kilo seven hotel
wavs/cs_0661.wav|whiskey charlie zero victor india
wavs/cs_0662.wav|whiskey november eight romeo
wavs/cs_0663.wav|whiskey nine papa delta
wavs/cs_0664.wav|juliett delta six sierra november
wavs/cs_0665.wav|whiskey foxtrot one november
wavs/cs_0666.wav|romeo kilo six alpha
wavs/cs_0667.wav|november zulu five india whiskey
wavs/cs_0668.wav|echo seven india yankee
wavs/cs_0669.wav|india x-ray two uniform tango
wavs/cs_0670.wav|charlie bravo two x-ray romeo
wavs/cs_0671.wav|whiskey four whiskey
wavs/cs_0672.wav|golf kilo four bravo lima
wavs/cs_0673.wav|papa uniform six kilo yankee
wavs/cs_0674.wav|yankee delta zero juliett whiskey
wavs/cs_0675.wav|kilo tango one oscar sierra
wavs/cs_0676.wav|uniform juliett six bravo
wavs/cs_0677.wav|lima charlie two golf sierra
wavs/cs_0678.wav|kilo foxtrot eight bravo foxtrot
wavs/cs_0679.wav|zulu alpha five yankee kilo
wavs/cs_0680.wav|kilo zulu nine juliett
wavs/cs_0681.wav|whiskey eight quebec india
wavs/cs_0682.wav|hotel zero quebec papa
wavs/cs_0683.wav|oscar one oscar echo
wavs/cs_0684.wav|whiskey zulu eight charlie alpha
wavs/cs_0685.wav|bravo romeo one bravo
wavs/cs_0686.wav|alpha kilo zero oscar golf
wavs/cs_0687.wav|hotel five foxtrot
wavs/cs_0688.wav|whiskey november four x-ray
wavs/cs_0689.wav|whiskey november two uniform
wavs/cs_0690.wav|yankee two uniform
wavs/cs_0691.wav|kilo whiskey one sierra
wavs/cs_0692.wav|whiskey three golf oscar
wavs/cs_0693.wav|kilo charlie one x-ray hotel
wavs/cs_0694.wav|zulu bravo two oscar golf
wavs/cs_0695.wav|papa papa one delta yankee
wavs/cs_0696.wav|november charlie zero foxtrot x-ray
wavs/cs_0697.wav|juliett india six juliett
wavs/cs_0698.wav|kilo one juliett golf
wavs/cs_0699.wav|victor whiskey three zulu
wavs/cs_0700.wav|bravo india four uniform tango
wavs/cs_0701.wav|kilo one victor zulu
wavs/cs_0702.wav|quebec juliett three quebec
wavs/cs_0703.wav|whiskey november six foxtrot foxtrot
wavs/cs_0704.wav|november romeo eight hotel oscar
wavs/cs_0705.wav|quebec sierra three charlie juliett
wavs/cs_0706.wav|hotel echo six foxtrot november
wavs/cs_0707.wav|yankee romeo four mike foxtrot
wavs/cs_0708.wav|november zulu four bravo charlie
wavs/cs_0709.wav|juliett four foxtrot mike
wavs/cs_0710.wav|november victor seven echo uniform
wavs/cs_0711.wav|whiskey x-ray seven alpha charlie
wavs/cs_0712.wav|whiskey eight victor tango
wavs/cs_0713.wav|victor lima one tango victor
wavs/cs_0714.wav|bravo alpha one hotel
wavs/cs_0715.wav|foxtrot nine november uniform
wavs/cs_0716.wav|victor three papa delta
wavs/cs_0717.wav|papa oscar three yankee juliett
wavs/cs_0718.wav|lima tango five tango mike
wavs/cs_0719.wav|kilo mike four zulu india
wavs/cs_0720.wav|kilo one mike tango
wavs/cs_0721.wav|whiskey nine charlie alpha
wavs/cs_0722.wav|charlie whiskey six whiskey papa
wavs/cs_0723.wav|kilo india five india sierra
wavs/cs_0724.wav|alpha one zulu
wavs/cs_0725.wav|golf hotel nine tango november
wavs/cs_0726.wav|bravo whiskey two tango
wavs/cs_0727.wav|juliett charlie six juliett lima
wavs/cs_0728.wav|juliett lima six charlie alpha
wavs/cs_0729.wav|kilo nine hotel yankee
wavs/cs_0730.wav|zulu one kilo oscar
wavs/cs_0731.wav|kilo uniform zero oscar victor
wavs/cs_0732.wav|whiskey bravo eight quebec
wavs/cs_0733.wav|x-ray one india uniform
wavs/cs_0734.wav|bravo alpha nine uniform tango
wavs/cs_0735.wav|kilo mike seven yankee alpha
wavs/cs_0736.wav|delta oscar four x-ray whiskey
wavs/cs_0737.wav|kilo foxtrot six uniform
wavs/cs_0738.wav|november papa four golf
wavs/cs_0739.wav|tango romeo zero hotel
wavs/cs_0740.wav|kilo papa three uniform whiskey
wavs/cs_0741.wav|whiskey india five hotel delta
wavs/cs_0742.wav|kilo whiskey zero lima foxtrot
wavs/cs_0743.wav|juliett sierra seven yankee
wavs/cs_0744.wav|tango victor three delta tango
wavs/cs_0745.wav|november hotel five golf delta
wavs/cs_0746.wav|kilo seven romeo oscar
wavs/cs_0747.wav|india juliett one oscar
wavs/cs_0748.wav|mike papa three india uniform
wavs/cs_0749.wav|india tango three hotel delta
wavs/cs_0750.wav|kilo whiskey two mike november
wavs/cs_0751.wav|golf sierra two golf x-ray
wavs/cs_0752.wav|whiskey zero yankee
wavs/cs_0753.wav|golf golf two delta mike
wavs/cs_0754.wav|alpha oscar four quebec
wavs/cs_0755.wav|golf zero kilo bravo
wavs/cs_0756.wav|november echo five charlie oscar
wavs/cs_0757.wav|november echo six hotel
wavs/cs_0758.wav|whiskey seven echo hotel
wavs/cs_0759.wav|kilo kilo eight lima
wavs/cs_0760.wav|hotel yankee nine november
wavs/cs_0761.wav|juliett six golf uniform
wavs/cs_0762.wav|mike sierra three papa
wavs/cs_0763.wav|whiskey tango one lima
wavs/cs_0764.wav|november november eight whiskey
wavs/cs_0765.wav|hotel india three echo
wavs/cs_0766.wav|foxtrot eight hotel mike
wavs/cs_0767.wav|kilo two echo mike
wavs/cs_0768.wav|juliett tango zero alpha
wavs/cs_0769.wav|uniform golf one charlie
wavs/cs_0770.wav|kilo zero bravo
wavs/cs_0771.wav|kilo kilo one tango
wavs/cs_0772.wav|tango romeo eight golf india
wavs/cs_0773.wav|juliett four papa sierra
wavs/cs_0774.wav|november nine charlie lima
wavs/cs_0775.wav|kilo two uniform papa
wavs/cs_0776.wav|whiskey foxtrot four victor golf
wavs/cs_0777.wav|x-ray victor three uniform quebec
wavs/cs_0778.wav|whiskey one echo
wavs/cs_0779.wav|tango yankee five oscar alpha
wavs/cs_0780.wav|kilo yankee nine alpha uniform
wavs/cs_0781.wav|whiskey hotel two alpha
wavs/cs_0782.wav|echo foxtrot two november hotel
wavs/cs_0783.wav|juliett golf two yankee
wavs/cs_0784.wav|echo mike two bravo
wavs/cs_0785.wav|romeo oscar one lima
wavs/cs_0786.wav|kilo whiskey three juliett whiskey
wavs/cs_0787.wav|kilo tango eight echo bravo
wavs/cs_0788.wav|victor lima three india delta
wavs/cs_0789.wav|november two foxtrot
wavs/cs_0790.wav|kilo four alpha india
wavs/cs_0791.wav|whiskey quebec four delta
wavs/cs_0792.wav|november delta six whiskey
wavs/cs_0793.wav|lima papa two alpha foxtrot
wavs/cs_0794.wav|kilo echo two victor golf
wavs/cs_0795.wav|whiskey whiskey five echo zulu
wavs/cs_0796.wav|whiskey charlie seven whiskey
wavs/cs_0797.wav|juliett tango five hotel
wavs/cs_0798.wav|whiskey whiskey eight kilo november
wavs/cs_0799.wav|juliett five tango yankee
wavs/cs_0800.wav|november five tango oscar
wavs/cs_0801.wav|november tango seven papa x-ray
wavs/cs_0802.wav|x-ray zero victor papa
wavs/cs_0803.wav|november four golf whiskey
wavs/cs_0804.wav|juliett victor eight x-ray x-ray
wavs/cs_0805.wav|november quebec zero foxtrot delta
wavs/cs_0806.wav|juliett zero quebec victor
wavs/cs_0807.wav|november foxtrot three hotel foxtrot
wavs/cs_0808.wav|kilo five whiskey juliett
wavs/cs_0809.wav|whiskey five echo victor
wavs/cs_0810.wav|charlie india nine alpha india
wavs/cs_0811.wav|zulu mike two quebec echo
wavs/cs_0812.wav|juliett tango one uniform
wavs/cs_0813.wav|india hotel five kilo
wavs/cs_0814.wav|kilo november four charlie x-ray
wavs/cs_0815.wav|november delta four juliett november
wavs/cs_0816.wav|whiskey echo nine sierra uniform
wavs/cs_0817.wav|kilo november seven papa romeo
wavs/cs_0818.wav|november kilo five echo whiskey
wavs/cs_0819.wav|whiskey golf four x-ray papa
wavs/cs_0820.wav|november uniform zero romeo echo
wavs/cs_0821.wav|november four x-ray
wavs/cs_0822.wav|tango hotel eight zulu
wavs/cs_0823.wav|kilo two charlie uniform
wavs/cs_0824.wav|uniform three yankee whiskey
wavs/cs_0825.wav|whiskey six mike victor
wavs/cs_0826.wav|golf mike zero oscar
wavs/cs_0827.wav|whiskey one papa
wavs/cs_0828.wav|mike golf seven alpha
wavs/cs_0829.wav|kilo tango one charlie echo
wavs/cs_0830.wav|whiskey lima seven lima
wavs/cs_0831.wav|kilo four lima mike
wavs/cs_0832.wav|juliett nine yankee
wavs/cs_0833.wav|sierra yankee three india bravo
wavs/cs_0834.wav|juliett seven bravo
wavs/cs_0835.wav|november tango nine quebec charlie
wavs/cs_0836.wav|kilo india zero november juliett
wavs/cs_0837.wav|mike victor six uniform foxtrot
wavs/cs_0838.wav|oscar foxtrot zero uniform
wavs/cs_0839.wav|juliett romeo eight yankee
wavs/cs_0840.wav|sierra six oscar zulu
wavs/cs_0841.wav|alpha eight tango romeo
wavs/cs_0842.wav|juliett two whiskey tango
wavs/cs_0843.wav|zulu zulu six tango papa
wavs/cs_0844.wav|november foxtrot one mike victor
wavs/cs_0845.wav|juliett six oscar whiskey
wavs/cs_0846.wav|x-ray four echo uniform
wavs/cs_0847.wav|juliett zero papa juliett
wavs/cs_0848.wav|kilo victor five sierra
wavs/cs_0849.wav|kilo delta six alpha foxtrot
wavs/cs_0850.wav|india five mike alpha
wavs/cs_0851.wav|mike mike eight victor oscar
wavs/cs_0852.wav|kilo zero kilo sierra
wavs/cs_0853.wav|november kilo four whiskey oscar
wavs/cs_0854.wav|juliett one mike yankee
wavs/cs_0855.wav|alpha zero whiskey
wavs/cs_0856.wav|sierra tango one alpha
wavs/cs_0857.wav|whiskey november six tango
wavs/cs_0858.wav|november eight echo november
wavs/cs_0859.wav|juliett alpha one delta x-ray
wavs/cs_0860.wav|hotel whiskey three whiskey bravo
wavs/cs_0861.wav|juliett four charlie
wavs/cs_0862.wav|kilo zero uniform
wavs/cs_0863.wav|whiskey india six hotel yankee
wavs/cs_0864.wav|sierra nine india uniform
wavs/cs_0865.wav|november zero delta tango
wavs/cs_0866.wav|sierra alpha one bravo lima
wavs/cs_0867.wav|juliett four foxtrot mike
wavs/cs_0868.wav|yankee eight sierra kilo
wavs/cs_0869.wav|november victor zero juliett x-ray
wavs/cs_0870.wav|juliett india six mike lima
wavs/cs_0871.wav|whiskey nine hotel foxtrot
wavs/cs_0872.wav|delta juliett seven papa
wavs/cs_0873.wav|juliett alpha six echo bravo
wavs/cs_0874.wav|foxtrot golf one juliett zulu
wavs/cs_0875.wav|november three bravo
wavs/cs_0876.wav|whiskey seven yankee tango
wavs/cs_0877.wav|whiskey five bravo quebec
wavs/cs_0878.wav|kilo juliett zero november november
wavs/cs_0879.wav|x-ray x-ray three uniform november
wavs/cs_0880.wav|november hotel zero charlie juliett
wavs/cs_0881.wav|kilo nine tango echo
wavs/cs_0882.wav|kilo delta zero alpha sierra
wavs/cs_0883.wav|kilo india one x-ray
wavs/cs_0884.wav|lima alpha eight quebec
wavs/cs_0885.wav|romeo uniform four x-ray victor
wavs/cs_0886.wav|kilo x-ray nine yankee quebec
wavs/cs_0887.wav|kilo zulu five whiskey x-ray
wavs/cs_0888.wav|bravo three india charlie
wavs/cs_0889.wav|juliett romeo five bravo
wavs/cs_0890.wav|november quebec five papa whiskey
wavs/cs_0891.wav|zulu yankee three sierra golf
wavs/cs_0892.wav|whiskey delta eight foxtrot kilo
wavs/cs_0893.wav|kilo uniform four zulu oscar
wavs/cs_0894.wav|juliett tango eight foxtrot bravo
wavs/cs_0895.wav|hotel mike zero papa
wavs/cs_0896.wav|whiskey india two november
wavs/cs_0897.wav|kilo x-ray two hotel hotel
wavs/cs_0898.wav|delta quebec eight echo yankee
wavs/cs_0899.wav|kilo papa one delta sierra
wavs/cs_0900.wav|juliett india six echo sierra
wavs/cs_0901.wav|papa quebec four lima sierra
wavs/cs_0902.wav|oscar five sierra romeo
wavs/cs_0903.wav|india echo zero romeo alpha
wavs/cs_0904.wav|uniform victor eight uniform
wavs/cs_0905.wav|juliett november one hotel
wavs/cs_0906.wav|kilo tango two delta zulu
wavs/cs_0907.wav|whiskey alpha three tango victor
wavs/cs_0908.wav|whiskey quebec four lima zulu
wavs/cs_0909.wav|hotel zero mike lima
wavs/cs_0910.wav|november x-ray five mike victor
wavs/cs_0911.wav|delta uniform seven quebec
wavs/cs_0912.wav|kilo two kilo
wavs/cs_0913.wav|juliett yankee three x-ray quebec
wavs/cs_0914.wav|november x-ray seven india uniform
wavs/cs_0915.wav|golf one india
wavs/cs_0916.wav|quebec alpha zero zulu
wavs/cs_0917.wav|kilo kilo six papa
wavs/cs_0918.wav|yankee alpha three uniform
wavs/cs_0919.wav|november seven x-ray alpha
wavs/cs_0920.wav|yankee zulu nine hotel
wavs/cs_0921.wav|echo nine bravo delta
wavs/cs_0922.wav|bravo mike four x-ray
wavs/cs_0923.wav|juliett hotel zero victor uniform
wavs/cs_0924.wav|uniform two lima golf
wavs/cs_0925.wav|alpha whiskey zero bravo
wavs/cs_0926.wav|zulu two foxtrot juliett
wavs/cs_0927.wav|bravo zulu nine alpha papa
wavs/cs_0928.wav|kilo five quebec
wavs/cs_0929.wav|kilo zero x-ray romeo
wavs/cs_0930.wav|kilo zulu four delta india
wavs/cs_0931.wav|whiskey five uniform hotel
wavs/cs_0932.wav|whiskey november one charlie bravo
wavs/cs_0933.wav|kilo seven delta hotel
wavs/cs_0934.wav|whiskey delta nine zulu
wavs/cs_0935.wav|mike sierra one alpha zulu
wavs/cs_0936.wav|kilo india six lima zulu
wavs/cs_0937.wav|echo oscar one tango
wavs/cs_0938.wav|hotel november three lima zulu
wavs/cs_0939.wav|x-ray eight tango mike
wavs/cs_0940.wav|zulu lima five india
wavs/cs_0941.wav|juliett mike six x-ray tango
wavs/cs_0942.wav|kilo golf two uniform romeo
wavs/cs_0943.wav|victor nine delta victor
wavs/cs_0944.wav|november x-ray seven foxtrot whiskey
wavs/cs_0945.wav|november oscar five foxtrot
wavs/cs_0946.wav|golf nine india
wavs/cs_0947.wav|hotel whiskey eight bravo
wavs/cs_0948.wav|kilo sierra seven charlie
wavs/cs_0949.wav|sierra kilo six x-ray echo
wavs/cs_0950.wav|uniform three mike x-ray
wavs/cs_0951.wav|kilo three kilo uniform
wavs/cs_0952.wav|juliett seven mike
wavs/cs_0953.wav|whiskey bravo one india whiskey
wavs/cs_0954.wav|papa two romeo
wavs/cs_0955.wav|whiskey six yankee alpha
wavs/cs_0956.wav|whiskey seven quebec alpha
wavs/cs_0957.wav|november victor zero x-ray
wavs/cs_0958.wav|delta mike five echo echo
wavs/cs_0959.wav|juliett bravo five romeo
wavs/cs_0960.wav|india uniform nine bravo
wavs/cs_0961.wav|kilo romeo six uniform echo
wavs/cs_0962.wav|kilo eight mike whiskey
wavs/cs_0963.wav|whiskey nine lima golf
wavs/cs_0964.wav|lima romeo eight quebec victor
wavs/cs_0965.wav|tango eight november
wavs/cs_0966.wav|kilo hotel zero delta
wavs/cs_0967.wav|whiskey two victor x-ray
wavs/cs_0968.wav|november kilo two charlie bravo
wavs/cs_0969.wav|november tango two uniform uniform
wavs/cs_0970.wav|juliett oscar four oscar lima
wavs/cs_0971.wav|whiskey uniform eight golf
wavs/cs_0972.wav|oscar echo nine yankee uniform
wavs/cs_0973.wav|tango whiskey five charlie yankee
wavs/cs_0974.wav|whiskey zero hotel lima
wavs/cs_0975.wav|sierra lima six november romeo
wavs/cs_0976.wav|kilo sierra two alpha victor
wavs/cs_0977.wav|golf mike five whiskey yankee
wavs/cs_0978.wav|whiskey mike three bravo quebec
wavs/cs_0979.wav|mike five lima kilo
wavs/cs_0980.wav|mike nine golf
wavs/cs_0981.wav|whiskey oscar nine papa romeo
wavs/cs_0982.wav|juliett alpha three november juliett
wavs/cs_0983.wav|whiskey nine tango lima
wavs/cs_0984.wav|lima eight yankee foxtrot
wavs/cs_0985.wav|india golf zero oscar golf
wavs/cs_0986.wav|kilo bravo one november victor
wavs/cs_0987.wav|november seven whiskey
wavs/cs_0988.wav|juliett victor two victor oscar
wavs/cs_0989.wav|november six sierra
wavs/cs_0990.wav|whiskey romeo one november india
wavs/cs_0991.wav|november nine golf charlie
wavs/cs_0992.wav|golf papa two golf whiskey
wavs/cs_0993.wav|lima two zulu tango
wavs/cs_0994.wav|juliett whiskey four delta
wavs/cs_0995.wav|juliett uniform seven november hotel
wavs/cs_0996.wav|november two charlie alpha
wavs/cs_0997.wav|sierra eight yankee
wavs/cs_0998.wav|whiskey five sierra
wavs/cs_0999.wav|oscar foxtrot eight alpha
wavs/cs_1000.wav|november five quebec
wavs/rep_0001.wav|five nine six two eight
wavs/rep_0002.wav|five nine
wavs/rep_0003.wav|five nine eight three one
wavs/rep_0004.wav|five nine one four three
wavs/rep_0005.wav|five nine zero zero six
wavs/rep_0006.wav|five nine seven five six
wavs/rep_0007.wav|five nine nine five three
wavs/rep_0008.wav|five nine seven eight four
wavs/rep_0009.wav|five nine zero seven eight
wavs/rep_0010.wav|five nine eight zero seven
wavs/rep_0011.wav|five nine five nine nine
wavs/rep_0012.wav|five nine
wavs/rep_0013.wav|five nine six three five
wavs/rep_0014.wav|five nine five four three
wavs/rep_0015.wav|five nine two three seven
wavs/rep_0016.wav|five nine seven nine eight
wavs/rep_0017.wav|five nine eight one nine
wavs/rep_0018.wav|five nine one six nine
wavs/rep_0019.wav|five nine three seven three five
wavs/rep_0020.wav|five nine zero zero nine
wavs/rep_0021.wav|five nine five three nine
wavs/rep_0022.wav|five nine three four seven
wavs/rep_0023.wav|five nine five nine eight
wavs/rep_0024.wav|five nine eight seven two
wavs/rep_0025.wav|five nine
wavs/rep_0026.wav|five nine nine four four
wavs/rep_0027.wav|five nine five seven one one
wavs/rep_0028.wav|five nine three nine two
wavs/rep_0029.wav|five nine seven four five
wavs/rep_0030.wav|five nine five five two
wavs/rep_0031.wav|five nine six one nine
wavs/rep_0032.wav|five nine eight four zero
wavs/rep_0033.wav|five nine one nine seven
wavs/rep_0034.wav|five nine two seven zero
wavs/rep_0035.wav|five nine nine six nine
wavs/rep_0036.wav|five nine one four one six
wavs/rep_0037.wav|five nine five one seven
wavs/rep_0038.wav|five nine two five five
wavs/rep_0039.wav|five nine five two one
wavs/rep_0040.wav|five nine five four zero
wavs/rep_0041.wav|five nine nine three four
wavs/rep_0042.wav|five nine
wavs/rep_0043.wav|five nine nine two four
wavs/rep_0044.wav|five nine nine zero eight
wavs/rep_0045.wav|five nine zero nine seven
wavs/rep_0046.wav|five nine four one eight
wavs/rep_0047.wav|five nine six two three
wavs/rep_0048.wav|five nine zero three seven six
wavs/rep_0049.wav|five nine seven six zero
wavs/rep_0050.wav|five nine seven two zero six
wavs/rep_0051.wav|five nine six six five
wavs/rep_0052.wav|five nine seven seven six
wavs/rep_0053.wav|five nine seven six four
wavs/rep_0054.wav|five nine
wavs/rep_0055.wav|five nine
wavs/rep_0056.wav|five nine zero five three
wavs/rep_0057.wav|five nine eight six three
wavs/rep_0058.wav|five nine five one zero
wavs/rep_0059.wav|five nine three seven zero
wavs/rep_0060.wav|five nine two two nine
wavs/rep_0061.wav|five nine two zero two
wavs/rep_0062.wav|five nine seven seven two
wavs/rep_0063.wav|five nine three five four
wavs/rep_0064.wav|five nine three five five
wavs/rep_0065.wav|five nine
wavs/rep_0066.wav|five nine one four eight
wavs/rep_0067.wav|five nine one zero eight
wavs/rep_0068.wav|five nine
wavs/rep_0069.wav|five nine five two seven
wavs/rep_0070.wav|five nine two eight one
wavs/rep_0071.wav|five nine three four three
wavs/rep_0072.wav|five nine eight four
wavs/rep_0073.wav|five nine three six nine
wavs/rep_0074.wav|five nine six four six
wavs/rep_0075.wav|five nine three zero seven
wavs/rep_0076.wav|five nine seven eight one
wavs/rep_0077.wav|five nine four nine two
wavs/rep_0078.wav|five nine five seven two
wavs/rep_0079.wav|five nine three seven one
wavs/rep_0080.wav|five nine four nine six
wavs/rep_0081.wav|five nine one one nine
wavs/rep_0082.wav|five nine eight two seven
wavs/rep_0083.wav|five nine nine four
wavs/rep_0084.wav|five nine five eight two
wavs/rep_0085.wav|five nine
wavs/rep_0086.wav|five nine two four four
wavs/rep_0087.wav|five nine four seven one three
wavs/rep_0088.wav|five nine four six six
wavs/rep_0089.wav|five nine four nine eight
wavs/rep_0090.wav|five nine one nine seven
wavs/rep_0091.wav|five nine seven nine one
wavs/rep_0092.wav|five nine one nine three
wavs/rep_0093.wav|five nine zero three three
wavs/rep_0094.wav|five nine four zero eight
wavs/rep_0095.wav|five nine three nine two
wavs/rep_0096.wav|five nine three one one
wavs/rep_0097.wav|five nine one seven one
wavs/rep_0098.wav|five nine zero eight three
wavs/rep_0099.wav|five nine nine eight four zero
wavs/rep_0100.wav|five nine five nine nine
wavs/rep_0101.wav|five nine three zero nine
wavs/rep_0102.wav|five nine eight two nine
wavs/rep_0103.wav|five nine zero five five
wavs/rep_0104.wav|five nine five three zero seven
wavs/rep_0105.wav|five nine two six two
wavs/rep_0106.wav|five nine nine zero six
wavs/rep_0107.wav|five nine zero seven two eight
wavs/rep_0108.wav|five nine two six five
wavs/rep_0109.wav|five nine six four nine
wavs/rep_0110.wav|five nine zero three one one
wavs/rep_0111.wav|five nine four two four
wavs/rep_0112.wav|five nine nine two two
wavs/rep_0113.wav|five nine eight four five
wavs/rep_0114.wav|five nine
wavs/rep_0115.wav|five nine four six eight
wavs/rep_0116.wav|five nine five eight five
wavs/rep_0117.wav|five nine six six nine
wavs/rep_0118.wav|five nine zero zero zero
wavs/rep_0119.wav|five nine
wavs/rep_0120.wav|five nine eight four five nine
wavs/rep_0121.wav|five nine
wavs/rep_0122.wav|five nine zero two four
wavs/rep_0123.wav|five nine
wavs/rep_0124.wav|five nine eight four eight
wavs/rep_0125.wav|five nine
wavs/rep_0126.wav|five nine zero nine one
wavs/rep_0127.wav|five nine five five six
wavs/rep_0128.wav|five nine seven seven zero
wavs/rep_0129.wav|five nine two nine three
wavs/rep_0130.wav|five nine five nine three
wavs/rep_0131.wav|five nine zero three six
wavs/rep_0132.wav|five nine six three
wavs/rep_0133.wav|five nine
wavs/rep_0134.wav|five nine one one nine
wavs/rep_0135.wav|five nine nine seven nine
wavs/rep_0136.wav|five nine zero zero five
wavs/rep_0137.wav|five nine zero nine six
wavs/rep_0138.wav|five nine eight eight four nine
wavs/rep_0139.wav|five nine eight five six
wavs/rep_0140.wav|five nine seven nine nine
wavs/rep_0141.wav|five nine five four eight
wavs/rep_0142.wav|five nine three zero three
wavs/rep_0143.wav|five nine three two eight
wavs/rep_0144.wav|five nine
wavs/rep_0145.wav|five nine three nine eight
wavs/rep_0146.wav|five nine eight nine one
wavs/rep_0147.wav|five nine
wavs/rep_0148.wav|five nine
wavs/rep_0149.wav|five nine zero five
wavs/rep_0150.wav|five nine six seven nine
wavs/rep_0151.wav|five nine
wavs/rep_0152.wav|five nine nine six four
wavs/rep_0153.wav|five nine eight seven eight
wavs/rep_0154.wav|five nine five one three
wavs/rep_0155.wav|five nine zero zero zero
wavs/rep_0156.wav|five nine five eight zero
wavs/rep_0157.wav|five nine eight one two
wavs/rep_0158.wav|five nine five four one two
wavs/rep_0159.wav|five nine one four two
wavs/rep_0160.wav|five nine one three two
wavs/rep_0161.wav|five nine five eight seven
wavs/rep_0162.wav|five nine eight seven zero
wavs/rep_0163.wav|five nine four three two
wavs/rep_0164.wav|five nine seven two eight
wavs/rep_0165.wav|five nine seven three eight
wavs/rep_0166.wav|five nine five seven two
wavs/rep_0167.wav|five nine one zero six
wavs/rep_0168.wav|five nine zero one four
wavs/rep_0169.wav|five nine
wavs/rep_0170.wav|five nine zero eight zero
wavs/rep_0171.wav|five nine six seven four
wavs/rep_0172.wav|five nine one eight nine
wavs/rep_0173.wav|five nine four zero eight
wavs/rep_0174.wav|five nine nine eight two
wavs/rep_0175.wav|five nine seven eight two three
wavs/rep_0176.wav|five nine
wavs/rep_0177.wav|five nine zero seven six eight
wavs/rep_0178.wav|five nine four zero four
wavs/rep_0179.wav|five nine one three two six
wavs/rep_0180.wav|five nine one three five
wavs/rep_0181.wav|five nine two three seven
wavs/rep_0182.wav|five nine nine seven three
wavs/rep_0183.wav|five nine zero two seven
wavs/rep_0184.wav|five nine six three eight
wavs/rep_0185.wav|five nine one five zero
wavs/rep_0186.wav|five nine seven four one
wavs/rep_0187.wav|five nine seven one
wavs/rep_0188.wav|five nine one nine one
wavs/rep_0189.wav|five nine eight three zero
wavs/rep_0190.wav|five nine one one one
wavs/rep_0191.wav|five nine six four one
wavs/rep_0192.wav|five nine two nine nine
wavs/rep_0193.wav|five nine three five one
wavs/rep_0194.wav|five nine
wavs/rep_0195.wav|five nine six five one
wavs/rep_0196.wav|five nine nine two three three
wavs/rep_0197.wav|five nine zero four zero
wavs/rep_0198.wav|five nine three seven five
wavs/rep_0199.wav|five nine one seven seven
wavs/rep_0200.wav|five nine five five zero
wavs/rep_0201.wav|five nine two nine eight
wavs/rep_0202.wav|five nine nine seven
wavs/rep_0203.wav|five nine three one six
wavs/rep_0204.wav|five nine four nine one
wavs/rep_0205.wav|five nine one two four
wavs/rep_0206.wav|five nine zero five six one
wavs/rep_0207.wav|five nine one six six
wavs/rep_0208.wav|five nine one five two
wavs/rep_0209.wav|five nine six four eight
wavs/rep_0210.wav|five nine eight one seven
wavs/rep_0211.wav|five nine nine five two
wavs/rep_0212.wav|five nine one eight five
wavs/rep_0213.wav|five nine six three two
wavs/rep_0214.wav|five nine six four five
wavs/rep_0215.wav|five nine two two two
wavs/rep_0216.wav|five nine two seven one
wavs/rep_0217.wav|five nine eight six four nine
wavs/rep_0218.wav|five nine
wavs/rep_0219.wav|five nine two nine four
wavs/rep_0220.wav|five nine four three one
wavs/rep_0221.wav|five nine four two six
wavs/rep_0222.wav|five nine eight two nine
wavs/rep_0223.wav|five nine two five three
wavs/rep_0224.wav|five nine four five seven zero
wavs/rep_0225.wav|five nine seven five five
wavs/rep_0226.wav|five nine seven eight zero
wavs/rep_0227.wav|five nine
wavs/rep_0228.wav|five nine two six zero
wavs/rep_0229.wav|five nine nine five four
wavs/rep_0230.wav|five nine two seven zero
wavs/rep_0231.wav|five nine two eight eight
wavs/rep_0232.wav|five nine three three four two
wavs/rep_0233.wav|five nine six five four
wavs/rep_0234.wav|five nine one eight one
wavs/rep_0235.wav|five nine nine nine four
wavs/rep_0236.wav|five nine four seven five
wavs/rep_0237.wav|five nine two seven nine
wavs/rep_0238.wav|five nine one four three
wavs/rep_0239.wav|five nine two nine two
wavs/rep_0240.wav|five nine eight one five
wavs/rep_0241.wav|five nine one one five
wavs/rep_0242.wav|five nine five eight six
wavs/rep_0243.wav|five nine four one four
wavs/rep_0244.wav|five nine four eight seven
wavs/rep_0245.wav|five nine four one five four
wavs/rep_0246.wav|five nine six three one
wavs/rep_0247.wav|five nine zero zero seven
wavs/rep_0248.wav|five nine
wavs/rep_0249.wav|five nine one eight three
wavs/rep_0250.wav|five nine seven six eight
wavs/rep_0251.wav|five nine four one five
wavs/rep_0252.wav|five nine five four zero
wavs/rep_0253.wav|five nine six three nine seven
wavs/rep_0254.wav|five nine nine five four
wavs/rep_0255.wav|five nine zero six two
wavs/rep_0256.wav|five nine eight eight nine
wavs/rep_0257.wav|five nine eight six four
wavs/rep_0258.wav|five nine zero zero zero
wavs/rep_0259.wav|five nine eight eight one five
wavs/rep_0260.wav|five nine nine nine zero
wavs/rep_0261.wav|five nine three four eight
wavs/rep_0262.wav|five nine four seven seven
wavs/rep_0263.wav|five nine nine one nine
wavs/rep_0264.wav|five nine zero nine seven
wavs/rep_0265.wav|five nine
wavs/rep_0266.wav|five nine six zero five eight
wavs/rep_0267.wav|five nine
wavs/rep_0268.wav|five nine six two six
wavs/rep_0269.wav|five nine five nine eight
wavs/rep_0270.wav|five nine one eight one
wavs/rep_0271.wav|five nine zero five eight
wavs/rep_0272.wav|five nine four seven one
wavs/rep_0273.wav|five nine six one four
wavs/rep_0274.wav|five nine five six four
wavs/rep_0275.wav|five nine eight three seven eight
wavs/rep_0276.wav|five nine zero five two
wavs/rep_0277.wav|five nine
wavs/rep_0278.wav|five nine four three one
wavs/rep_0279.wav|five nine
wavs/rep_0280.wav|five nine
wavs/rep_0281.wav|five nine two two eight
wavs/rep_0282.wav|five nine two five six
wavs/rep_0283.wav|five nine five seven seven
wavs/rep_0284.wav|five nine zero eight two
wavs/rep_0285.wav|five nine
wavs/rep_0286.wav|five nine
wavs/rep_0287.wav|five nine eight nine nine one
wavs/rep_0288.wav|five nine four nine nine
wavs/rep_0289.wav|five nine zero four
wavs/rep_0290.wav|five nine nine five six
wavs/rep_0291.wav|five nine six eight three
wavs/rep_0292.wav|five nine six eight seven zero
wavs/rep_0293.wav|five nine three eight three
wavs/rep_0294.wav|five nine eight seven one
wavs/rep_0295.wav|five nine
wavs/rep_0296.wav|five nine seven five eight two
wavs/rep_0297.wav|five nine nine two three
wavs/rep_0298.wav|five nine nine four five
wavs/rep_0299.wav|five nine five three four
wavs/rep_0300.wav|five nine zero eight three
wavs/rep_0301.wav|five nine nine four zero
wavs/rep_0302.wav|five nine seven nine three
wavs/rep_0303.wav|five nine
wavs/rep_0304.wav|five nine five six three
wavs/rep_0305.wav|five nine eight nine zero
wavs/rep_0306.wav|five nine seven two one
wavs/rep_0307.wav|five nine one four three
wavs/rep_0308.wav|five nine
wavs/rep_0309.wav|five nine zero seven one
wavs/rep_0310.wav|five nine two six zero
wavs/rep_0311.wav|five nine three one three
wavs/rep_0312.wav|five nine four five three
wavs/rep_0313.wav|five nine seven two four
wavs/rep_0314.wav|five nine two nine one
wavs/rep_0315.wav|five nine eight four three
wavs/rep_0316.wav|five nine
wavs/rep_0317.wav|five nine eight zero five six
wavs/rep_0318.wav|five nine three three five
wavs/rep_0319.wav|five nine seven six three
wavs/rep_0320.wav|five nine four seven one
wavs/rep_0321.wav|five nine zero one seven
wavs/rep_0322.wav|five nine eight two nine
wavs/rep_0323.wav|five nine three nine two
wavs/rep_0324.wav|five nine one three four
wavs/rep_0325.wav|five nine four zero five
wavs/rep_0326.wav|five nine six seven zero
wavs/rep_0327.wav|five nine seven seven three
wavs/rep_0328.wav|five nine
wavs/rep_0329.wav|five nine eight two seven
wavs/rep_0330.wav|five nine six two eight
wavs/rep_0331.wav|five nine seven six eight six
wavs/rep_0332.wav|five nine three two two
wavs/rep_0333.wav|five nine one four seven
wavs/rep_0334.wav|five nine zero one three
wavs/rep_0335.wav|five nine five eight four
wavs/rep_0336.wav|five nine five eight seven
wavs/rep_0337.wav|five nine seven nine
wavs/rep_0338.wav|five nine four eight zero
wavs/rep_0339.wav|five nine eight eight zero nine
wavs/rep_0340.wav|five nine eight three zero
wavs/rep_0341.wav|five nine zero seven zero
wavs/rep_0342.wav|five nine one seven zero
wavs/rep_0343.wav|five nine four five zero
wavs/rep_0344.wav|five nine zero six two
wavs/rep_0345.wav|five nine three six seven
wavs/rep_0346.wav|five nine two zero six
wavs/rep_0347.wav|five nine six four two
wavs/rep_0348.wav|five nine three six eight
wavs/rep_0349.wav|five nine seven seven two nine
wavs/rep_0350.wav|five nine two zero one
wavs/rep_0351.wav|five nine four one six
wavs/rep_0352.wav|five nine two four three
wavs/rep_0353.wav|five nine five three four
wavs/rep_0354.wav|five nine five zero zero
wavs/rep_0355.wav|five nine six six eight
wavs/rep_0356.wav|five nine
wavs/rep_0357.wav|five nine nine zero three
wavs/rep_0358.wav|five nine three nine one
wavs/rep_0359.wav|five nine
wavs/rep_0360.wav|five nine
wavs/rep_0361.wav|five nine
wavs/rep_0362.wav|five nine nine seven six
wavs/rep_0363.wav|five nine five three eight
wavs/rep_0364.wav|five nine one two five
wavs/rep_0365.wav|five nine one three nine
wavs/rep_0366.wav|five nine
wavs/rep_0367.wav|five nine
wavs/rep_0368.wav|five nine three nine four
wavs/rep_0369.wav|five nine zero one zero
wavs/rep_0370.wav|five nine seven seven five
wavs/rep_0371.wav|five nine three seven six
wavs/rep_0372.wav|five nine five two zero
wavs/rep_0373.wav|five nine three five two
wavs/rep_0374.wav|five nine one seven seven
wavs/rep_0375.wav|five nine five one nine
wavs/rep_0376.wav|five nine three eight nine
wavs/rep_0377.wav|five nine three zero three
wavs/rep_0378.wav|five nine three seven nine eight
wavs/rep_0379.wav|five nine one nine two seven
wavs/rep_0380.wav|five nine seven seven six
wavs/rep_0381.wav|five nine nine four zero
wavs/rep_0382.wav|five nine nine seven nine
wavs/rep_0383.wav|five nine zero nine five
wavs/rep_0384.wav|five nine three four five two
wavs/rep_0385.wav|five nine seven one seven
wavs/rep_0386.wav|five nine eight nine two
wavs/rep_0387.wav|five nine nine four six
wavs/rep_0388.wav|five nine three one one
wavs/rep_0389.wav|five nine
wavs/rep_0390.wav|five nine seven zero four
wavs/rep_0391.wav|five nine two nine five seven
wavs/rep_0392.wav|five nine seven four five
wavs/rep_0393.wav|five nine seven eight eight
wavs/rep_0394.wav|five nine nine three five
wavs/rep_0395.wav|five nine four eight
wavs/rep_0396.wav|five nine zero seven seven
wavs/rep_0397.wav|five nine two seven five
wavs/rep_0398.wav|five nine four five four
wavs/rep_0399.wav|five nine two zero four
wavs/rep_0400.wav|five nine zero five six
