filename,transcript
rep_0370.wav,five nine seven seven five
cs_0256.wav,zulu hotel zero papa romeo
cs_0575.wav,kilo one victor yankee
rep_0338.wav,five nine four eight zero
rep_0311.wav,five nine three one three
rep_0041.wav,five nine nine three four
cs_0704.wav,november romeo eight hotel oscar
cs_0355.wav,tango victor nine tango november
rep_0229.wav,five nine nine five four
cs_0643.wav,papa oscar two papa x-ray
cs_0106.wav,juliett romeo four quebec bravo november
cs_0366.wav,alpha foxtrot nine november victor
cs_0174.wav,hotel victor eight echo golf sierra
cs_0370.wav,november mike six oscar yankee
cs_0709.wav,juliett four foxtrot mike
rep_0331.wav,five nine seven six eight six
cs_0895.wav,hotel mike zero papa
cs_0550.wav,golf nine delta
cs_0432.wav,whiskey oscar seven india alpha
cs_0064.wav,juliett romeo four delta november x-ray
cs_0282.wav,kilo victor one victor
cs_0112.wav,juliett quebec six juliett kilo golf
cs_0945.wav,november oscar five foxtrot
rep_0380.wav,five nine seven seven six
rep_0226.wav,five nine seven eight zero
cs_0690.wav,yankee two uniform
cs_0829.wav,kilo tango one charlie echo
cs_0873.wav,juliett alpha six echo bravo
rep_0047.wav,five nine six two three
cs_0539.wav,whiskey zulu two quebec golf
cs_0016.wav,juliett bravo one charlie quebec golf
rep_0231.wav,five nine two eight eight
cs_0175.wav,juliett zero sierra whiskey charlie
cs_0407.wav,whiskey six papa yankee
rep_0126.wav,five nine zero nine one
cs_0530.wav,hotel romeo five zulu juliett
rep_0130.wav,five nine five nine three
cs_0115.wav,juliett delta two golf x-ray romeo
cs_0517.wav,bravo uniform five echo zulu
rep_0333.wav,five nine one four seven
cs_0485.wav,november echo eight juliett
cs_0805.wav,november quebec zero foxtrot delta
cs_0933.wav,kilo seven delta hotel
cs_0655.wav,whiskey two bravo victor
cs_0537.wav,bravo echo three lima india
cs_0936.wav,kilo india six lima zulu
rep_0027.wav,five nine five seven one one
cs_0166.wav,whiskey hotel six november victor zulu
rep_0383.wav,five nine zero nine five
cs_0017.wav,juliett oscar eight zulu quebec india
rep_0366.wav,five nine
cs_0063.wav,juliett juliett zero zulu juliett tango
rep_0316.wav,five nine
cs_0335.wav,juliett bravo nine papa x-ray
rep_0396.wav,five nine zero seven seven
cs_0254.wav,golf alpha one bravo
cs_0130.wav,juliett uniform one tango india kilo
cs_0680.wav,kilo zulu nine juliett
rep_0236.wav,five nine four seven five
cs_0134.wav,juliett foxtrot five uniform whiskey foxtrot
cs_0299.wav,juliett uniform one romeo
cs_0253.wav,whiskey zero echo
cs_0691.wav,kilo whiskey one sierra
rep_0058.wav,five nine five one zero
rep_0306.wav,five nine seven two one
cs_0967.wav,whiskey two victor x-ray
cs_0769.wav,uniform golf one charlie
rep_0297.wav,five nine nine two three
cs_0475.wav,kilo zero november kilo
cs_0589.wav,delta november three x-ray x-ray
cs_0860.wav,hotel whiskey three whiskey bravo
rep_0193.wav,five nine three five one
rep_0347.wav,five nine six four two
cs_0047.wav,juliett foxtrot zero delta foxtrot oscar
rep_0235.wav,five nine nine nine four
cs_0210.wav,kilo six alpha quebec hotel
cs_0204.wav,india lima seven zulu delta tango
cs_0474.wav,victor zulu one victor victor
rep_0239.wav,five nine two nine two
cs_0490.wav,november sierra four sierra
cs_0263.wav,india whiskey one oscar
rep_0032.wav,five nine eight four zero
rep_0062.wav,five nine seven seven two
cs_0463.wav,uniform alpha three india bravo
cs_0338.wav,charlie six juliett
cs_0360.wav,zulu charlie four bravo golf
rep_0384.wav,five nine three four five two
cs_0125.wav,juliett victor two x-ray kilo hotel
cs_0973.wav,tango whiskey five charlie yankee
rep_0199.wav,five nine one seven seven
cs_0503.wav,bravo victor seven foxtrot mike
cs_0218.wav,juliett five juliett november golf
cs_0350.wav,x-ray yankee seven x-ray bravo
cs_0074.wav,juliett echo nine quebec romeo mike
cs_0272.wav,hotel two foxtrot
rep_0270.wav,five nine one eight one
cs_0010.wav,juliett golf two oscar lima tango
cs_0080.wav,juliett juliett nine kilo mike x-ray
cs_0060.wav,juliett delta eight charlie quebec zulu
cs_0876.wav,whiskey seven yankee tango
cs_0734.wav,bravo alpha nine uniform tango
rep_0142.wav,five nine three zero three
rep_0080.wav,five nine four nine six
rep_0346.wav,five nine two zero six
rep_0365.wav,five nine one three nine
cs_0653.wav,november delta nine hotel
rep_0228.wav,five nine two six zero
cs_0454.wav,charlie echo three india november
rep_0267.wav,five nine
cs_0579.wav,x-ray five yankee oscar
cs_0278.wav,echo five victor oscar
cs_0868.wav,yankee eight sierra kilo
cs_0042.wav,juliett bravo five golf echo hotel
cs_0674.wav,yankee delta zero juliett whiskey
cs_0246.wav,kilo mike three x-ray papa foxtrot
cs_0996.wav,november two charlie alpha
cs_0941.wav,juliett mike six x-ray tango
rep_0349.wav,five nine seven seven two nine
rep_0233.wav,five nine six five four
cs_0148.wav,juliett india two zulu alpha echo
cs_0212.wav,whiskey india zero sierra kilo whiskey
rep_0361.wav,five nine
cs_0358.wav,golf echo nine juliett
cs_0700.wav,bravo india four uniform tango
cs_0324.wav,foxtrot charlie six zulu
cs_0295.wav,lima echo seven alpha oscar
cs_0890.wav,november quebec five papa whiskey
cs_0326.wav,november two echo delta
rep_0164.wav,five nine seven two eight
cs_0581.wav,oscar seven foxtrot charlie
cs_0033.wav,juliett quebec one echo quebec quebec
cs_0542.wav,juliett india five alpha yankee
cs_0937.wav,echo oscar one tango
cs_0240.wav,foxtrot bravo zero yankee echo foxtrot
rep_0149.wav,five nine zero five
rep_0034.wav,five nine two seven zero
cs_0476.wav,india hotel eight lima alpha
cs_0576.wav,juliett four november delta
rep_0077.wav,five nine four nine two
cs_0269.wav,november yankee nine november x-ray
cs_0971.wav,whiskey uniform eight golf
cs_0507.wav,kilo victor zero victor november
cs_0742.wav,kilo whiskey zero lima foxtrot
cs_0733.wav,x-ray one india uniform
cs_0185.wav,juliett x-ray zero delta romeo uniform
cs_0619.wav,kilo five golf golf
cs_0482.wav,november foxtrot zero x-ray tango
cs_0252.wav,juliett foxtrot one alpha kilo
cs_0545.wav,kilo x-ray six yankee golf
cs_0437.wav,sierra hotel zero papa x-ray
cs_0207.wav,whiskey charlie eight x-ray uniform hotel
rep_0177.wav,five nine zero seven six eight
rep_0238.wav,five nine one four three
cs_0853.wav,november kilo four whiskey oscar
rep_0120.wav,five nine eight four five nine
cs_0445.wav,whiskey foxtrot eight romeo sierra
cs_0580.wav,uniform india three zulu
cs_0894.wav,juliett tango eight foxtrot bravo
rep_0385.wav,five nine seven one seven
cs_0443.wav,bravo three alpha india
cs_0160.wav,whiskey victor five foxtrot quebec x-ray
cs_0062.wav,juliett uniform one echo romeo foxtrot
rep_0083.wav,five nine nine four
cs_0940.wav,zulu lima five india
rep_0377.wav,five nine three zero three
rep_0133.wav,five nine
cs_0320.wav,zulu x-ray two golf
cs_0699.wav,victor whiskey three zulu
cs_0818.wav,november kilo five echo whiskey
rep_0358.wav,five nine three nine one
rep_0161.wav,five nine five eight seven
cs_0565.wav,whiskey delta zero echo tango
cs_0750.wav,kilo whiskey two mike november
rep_0022.wav,five nine three four seven
cs_0968.wav,november kilo two charlie bravo
rep_0325.wav,five nine four zero five
cs_0083.wav,juliett kilo eight november echo november
cs_0368.wav,kilo papa eight oscar mike
cs_0051.wav,juliett whiskey zero papa bravo whiskey
cs_0712.wav,whiskey eight victor tango
cs_0637.wav,juliett bravo one delta zulu
cs_0744.wav,tango victor three delta tango
cs_0275.wav,lima lima five hotel bravo
cs_0075.wav,juliett tango four sierra papa uniform
cs_0117.wav,juliett x-ray eight uniform victor quebec
rep_0326.wav,five nine six seven zero
cs_0487.wav,yankee seven yankee
cs_0976.wav,kilo sierra two alpha victor
cs_0395.wav,kilo two papa echo
cs_0770.wav,kilo zero bravo
cs_0390.wav,november mike two charlie november
cs_0834.wav,juliett seven bravo
cs_0684.wav,whiskey zulu eight charlie alpha
rep_0339.wav,five nine eight eight zero nine
cs_0974.wav,whiskey zero hotel lima
cs_0352.wav,whiskey lima four uniform november
cs_0374.wav,echo echo seven lima
rep_0336.wav,five nine five eight seven
cs_0965.wav,tango eight november
rep_0285.wav,five nine
cs_0961.wav,kilo romeo six uniform echo
cs_0239.wav,november six india quebec yankee
cs_0746.wav,kilo seven romeo oscar
rep_0111.wav,five nine four two four
cs_0067.wav,juliett golf seven x-ray uniform papa
rep_0301.wav,five nine nine four zero
cs_0544.wav,romeo whiskey six bravo
cs_0587.wav,yankee tango nine kilo charlie
cs_0099.wav,juliett november seven alpha tango x-ray
rep_0016.wav,five nine seven nine eight
cs_0590.wav,alpha zulu five bravo mike
cs_0960.wav,india uniform nine bravo
rep_0109.wav,five nine six four nine
rep_0147.wav,five nine
cs_0404.wav,whiskey five quebec whiskey
cs_0284.wav,whiskey delta two juliett tango
cs_0624.wav,kilo sierra nine romeo delta
cs_0578.wav,whiskey lima two charlie
cs_0847.wav,juliett zero papa juliett
cs_0851.wav,mike mike eight victor oscar
cs_0970.wav,juliett oscar four oscar lima
cs_0369.wav,november six mike romeo
rep_0074.wav,five nine six four six
rep_0295.wav,five nine
cs_0985.wav,india golf zero oscar golf
cs_0911.wav,delta uniform seven quebec
rep_0240.wav,five nine eight one five
cs_0604.wav,yankee three mike zulu
cs_0097.wav,juliett echo three lima charlie whiskey
cs_0948.wav,kilo sierra seven charlie
cs_0203.wav,whiskey sierra four india x-ray whiskey
cs_0510.wav,papa zulu seven romeo mike
cs_0593.wav,kilo seven india x-ray
rep_0051.wav,five nine six six five
cs_0914.wav,november x-ray seven india uniform
rep_0025.wav,five nine
cs_0191.wav,golf one alpha victor hotel
cs_0861.wav,juliett four charlie
rep_0282.wav,five nine two five six
cs_0654.wav,kilo november one foxtrot x-ray
rep_0315.wav,five nine eight four three
cs_0577.wav,november kilo eight oscar hotel
rep_0092.wav,five nine one nine three
rep_0048.wav,five nine zero three seven six
rep_0006.wav,five nine seven five six
cs_0353.wav,golf tango three sierra papa
cs_0663.wav,whiskey nine papa delta
cs_0032.wav,juliett zulu seven quebec alpha alpha
cs_0101.wav,juliett mike five whiskey kilo india
rep_0137.wav,five nine zero nine six
cs_0479.wav,echo five alpha zulu
cs_0270.wav,tango charlie four uniform zulu
cs_0656.wav,kilo tango three foxtrot sierra
cs_0019.wav,juliett yankee two kilo romeo papa
cs_0302.wav,juliett india two x-ray india
cs_0720.wav,kilo one mike tango
cs_0950.wav,uniform three mike x-ray
cs_0211.wav,kilo hotel zero echo golf hotel
rep_0128.wav,five nine seven seven zero
rep_0278.wav,five nine four three one
cs_0146.wav,juliett kilo four whiskey tango november
cs_0997.wav,sierra eight yankee
cs_0794.wav,kilo echo two victor golf
cs_0180.wav,zulu hotel four papa mike mike
cs_0697.wav,juliett india six juliett
rep_0309.wav,five nine zero seven one
cs_0739.wav,tango romeo zero hotel
cs_0714.wav,bravo alpha one hotel
cs_0317.wav,whiskey romeo six whiskey zulu
rep_0178.wav,five nine four zero four
rep_0351.wav,five nine four one six
rep_0259.wav,five nine eight eight one five
rep_0194.wav,five nine
cs_0305.wav,juliett hotel four romeo quebec
rep_0132.wav,five nine six three
cs_0410.wav,yankee x-ray zero hotel alpha
cs_0015.wav,juliett juliett six kilo sierra charlie
rep_0095.wav,five nine three nine two
cs_0333.wav,kilo one papa golf
cs_0294.wav,november one foxtrot charlie
cs_0668.wav,echo seven india yankee
cs_0362.wav,juliett three zulu
cs_0071.wav,juliett charlie three delta mike uniform
cs_0107.wav,juliett uniform five x-ray yankee tango
rep_0253.wav,five nine six three nine seven
rep_0072.wav,five nine eight four
cs_0925.wav,alpha whiskey zero bravo
cs_0176.wav,tango romeo one papa yankee papa
cs_0426.wav,juliett bravo four x-ray
rep_0073.wav,five nine three six nine
cs_0722.wav,charlie whiskey six whiskey papa
rep_0183.wav,five nine zero two seven
rep_0232.wav,five nine three three four two
cs_0406.wav,x-ray lima six yankee kilo
rep_0086.wav,five nine two four four
cs_0687.wav,hotel five foxtrot
cs_0597.wav,november eight delta delta
cs_0283.wav,whiskey sierra zero india whiskey
cs_0921.wav,echo nine bravo delta
cs_0280.wav,x-ray papa four lima oscar
cs_0012.wav,juliett november one uniform kilo bravo
cs_0347.wav,whiskey charlie seven delta x-ray
cs_0926.wav,zulu two foxtrot juliett
rep_0179.wav,five nine one three two six
cs_0598.wav,echo victor zero kilo quebec
rep_0201.wav,five nine two nine eight
rep_0352.wav,five nine two four three
cs_0151.wav,echo five tango foxtrot victor
cs_0886.wav,kilo x-ray nine yankee quebec
cs_0123.wav,juliett tango zero golf oscar whiskey
cs_0371.wav,quebec foxtrot five hotel lima
cs_0850.wav,india five mike alpha
rep_0110.wav,five nine zero three one one
cs_0952.wav,juliett seven mike
rep_0107.wav,five nine zero seven two eight
rep_0015.wav,five nine two three seven
cs_0707.wav,yankee romeo four mike foxtrot
cs_0301.wav,november november seven bravo whiskey
cs_0810.wav,charlie india nine alpha india
rep_0202.wav,five nine nine seven
rep_0166.wav,five nine five seven two
rep_0165.wav,five nine seven three eight
cs_0538.wav,november seven juliett x-ray
cs_0760.wav,hotel yankee nine november
cs_0724.wav,alpha one zulu
rep_0324.wav,five nine one three four
rep_0391.wav,five nine two nine five seven
cs_0181.wav,kilo lima eight alpha hotel india
cs_0122.wav,juliett golf eight juliett quebec echo
cs_0044.wav,juliett delta six oscar sierra india
rep_0241.wav,five nine one one five
cs_0296.wav,charlie two romeo victor
cs_0721.wav,whiskey nine charlie alpha
cs_0114.wav,juliett lima zero sierra delta quebec
rep_0393.wav,five nine seven eight eight
rep_0204.wav,five nine four nine one
cs_0912.wav,kilo two kilo
rep_0060.wav,five nine two two nine
rep_0059.wav,five nine three seven zero
cs_0857.wav,whiskey november six tango
cs_0628.wav,delta bravo two charlie hotel
cs_0681.wav,whiskey eight quebec india
cs_0227.wav,whiskey juliett zero whiskey november delta
cs_0835.wav,november tango nine quebec charlie
cs_0573.wav,hotel tango one yankee sierra
cs_0824.wav,uniform three yankee whiskey
rep_0102.wav,five nine eight two nine
cs_0552.wav,whiskey alpha three golf romeo
cs_0028.wav,juliett charlie five whiskey x-ray sierra
cs_0291.wav,juliett kilo seven sierra
cs_0322.wav,kilo november eight hotel papa
cs_0814.wav,kilo november four charlie x-ray
rep_0039.wav,five nine five two one
cs_0378.wav,kilo x-ray nine uniform golf
cs_0215.wav,sierra six alpha sierra papa
cs_0673.wav,papa uniform six kilo yankee
rep_0244.wav,five nine four eight seven
rep_0209.wav,five nine six four eight
cs_0444.wav,kilo juliett one lima papa
cs_0243.wav,whiskey juliett three victor hotel x-ray
cs_0214.wav,kilo mike five yankee quebec bravo
cs_0606.wav,bravo six hotel victor
cs_0332.wav,romeo sierra seven delta
cs_0233.wav,hotel hotel nine sierra tango kilo
cs_0990.wav,whiskey romeo one november india
cs_0451.wav,alpha seven sierra zulu
cs_0172.wav,kilo echo one november zulu golf
cs_0039.wav,juliett yankee zero november golf victor
rep_0219.wav,five nine two nine four
cs_0662.wav,whiskey november eight romeo
cs_0596.wav,whiskey victor seven echo charlie
cs_0866.wav,sierra alpha one bravo lima
cs_0595.wav,kilo hotel eight india golf
cs_0631.wav,november six delta
cs_0896.wav,whiskey india two november
cs_0854.wav,juliett one mike yankee
rep_0190.wav,five nine one one one
rep_0317.wav,five nine eight zero five six
cs_0364.wav,juliett zero quebec
cs_0677.wav,lima charlie two golf sierra
cs_0765.wav,hotel india three echo
cs_0259.wav,kilo papa five november delta
cs_0001.wav,juliett india one november oscar lima
rep_0117.wav,five nine six six nine
cs_0521.wav,whiskey hotel two lima tango
cs_0264.wav,whiskey eight whiskey echo
cs_0131.wav,juliett alpha three echo kilo india
rep_0216.wav,five nine two seven one
rep_0243.wav,five nine four one four
rep_0332.wav,five nine three two two
cs_0730.wav,zulu one kilo oscar
rep_0206.wav,five nine zero five six one
cs_0377.wav,hotel two charlie juliett
cs_0072.wav,juliett zulu five kilo yankee charlie
cs_0144.wav,juliett kilo five oscar delta lima
rep_0064.wav,five nine three five five
rep_0225.wav,five nine seven five five
cs_0966.wav,kilo hotel zero delta
cs_0772.wav,tango romeo eight golf india
cs_0456.wav,victor zero india
cs_0883.wav,kilo india one x-ray
cs_0638.wav,juliett two sierra uniform
cs_0206.wav,november quebec five whiskey x-ray bravo
rep_0330.wav,five nine six two eight
cs_0963.wav,whiskey nine lima golf
rep_0011.wav,five nine five nine nine
cs_0079.wav,juliett yankee three whiskey kilo tango
cs_0822.wav,tango hotel eight zulu
cs_0614.wav,whiskey three zulu
cs_0900.wav,juliett india six echo sierra
cs_0190.wav,charlie two bravo mike mike
cs_0726.wav,bravo whiskey two tango
cs_0977.wav,golf mike five whiskey yankee
cs_0265.wav,kilo x-ray two yankee
cs_0328.wav,kilo six foxtrot uniform
rep_0329.wav,five nine eight two seven
cs_0913.wav,juliett yankee three x-ray quebec
cs_0755.wav,golf zero kilo bravo
cs_0692.wav,whiskey three golf oscar
rep_0304.wav,five nine five six three
cs_0727.wav,juliett charlie six juliett lima
rep_0302.wav,five nine seven nine three
cs_0919.wav,november seven x-ray alpha
cs_0885.wav,romeo uniform four x-ray victor
cs_0806.wav,juliett zero quebec victor
cs_0675.wav,kilo tango one oscar sierra
rep_0067.wav,five nine one zero eight
cs_0889.wav,juliett romeo five bravo
rep_0160.wav,five nine one three two
rep_0273.wav,five nine six one four
rep_0084.wav,five nine five eight two
rep_0001.wav,five nine six two eight
cs_0892.wav,whiskey delta eight foxtrot kilo
cs_0021.wav,juliett golf two november zulu romeo
cs_0667.wav,november zulu five india whiskey
cs_0682.wav,hotel zero quebec papa
cs_0351.wav,lima two oscar golf
cs_0323.wav,bravo four tango
cs_0617.wav,whiskey sierra six juliett papa
cs_0526.wav,kilo alpha two sierra uniform
cs_0738.wav,november papa four golf
cs_0713.wav,victor lima one tango victor
cs_0962.wav,kilo eight mike whiskey
cs_0582.wav,bravo zulu two kilo
cs_0411.wav,november tango eight delta sierra
cs_0979.wav,mike five lima kilo
cs_0499.wav,kilo six sierra
rep_0090.wav,five nine one nine seven
rep_0134.wav,five nine one one nine
cs_0450.wav,kilo four oscar quebec
rep_0096.wav,five nine three one one
cs_0138.wav,juliett sierra eight delta golf whiskey
cs_0453.wav,whiskey victor zero bravo
cs_0958.wav,delta mike five echo echo
cs_0826.wav,golf mike zero oscar
cs_0564.wav,juliett romeo five romeo
rep_0168.wav,five nine zero one four
rep_0030.wav,five nine five five two
cs_0992.wav,golf papa two golf whiskey
cs_0228.wav,juliett lima three zulu lima hotel
cs_0248.wav,whiskey sierra five sierra victor alpha
rep_0033.wav,five nine one nine seven
cs_0625.wav,kilo hotel zero kilo delta
cs_0927.wav,bravo zulu nine alpha papa
cs_0178.wav,juliett three echo sierra x-ray
cs_0496.wav,whiskey eight romeo papa
rep_0390.wav,five nine seven zero four
cs_0250.wav,kilo echo two quebec tango charlie
cs_0752.wav,whiskey zero yankee
cs_0924.wav,uniform two lima golf
cs_0345.wav,juliett whiskey three golf november
cs_0998.wav,whiskey five sierra
cs_0077.wav,juliett tango two india uniform whiskey
cs_0467.wav,november three quebec whiskey
cs_0500.wav,whiskey hotel six zulu kilo
cs_0514.wav,foxtrot quebec zero november yankee
cs_0645.wav,romeo eight quebec victor
cs_0557.wav,kilo quebec seven romeo delta
rep_0035.wav,five nine nine six nine
cs_0034.wav,juliett sierra nine kilo tango papa
cs_0457.wav,whiskey zulu eight tango
cs_0553.wav,tango lima six papa zulu
rep_0368.wav,five nine three nine four
cs_0179.wav,kilo mike one kilo echo quebec
cs_0548.wav,juliett romeo six foxtrot juliett
cs_0048.wav,juliett alpha one bravo echo hotel
rep_0277.wav,five nine
cs_0710.wav,november victor seven echo uniform
cs_0783.wav,juliett golf two yankee
cs_0848.wav,kilo victor five sierra
cs_0678.wav,kilo foxtrot eight bravo foxtrot
cs_0223.wav,alpha three yankee oscar uniform
cs_0773.wav,juliett four papa sierra
rep_0008.wav,five nine seven eight four
cs_0859.wav,juliett alpha one delta x-ray
cs_0836.wav,kilo india zero november juliett
cs_0622.wav,whiskey whiskey six mike bravo
cs_0241.wav,tango yankee nine uniform lima kilo
cs_0946.wav,golf nine india
rep_0044.wav,five nine nine zero eight
cs_0187.wav,whiskey two victor hotel yankee
cs_0384.wav,hotel papa eight foxtrot
cs_0508.wav,india whiskey one yankee charlie
rep_0119.wav,five nine
cs_0446.wav,alpha bravo nine bravo romeo
rep_0125.wav,five nine
cs_0386.wav,juliett one uniform romeo
rep_0113.wav,five nine eight four five
rep_0213.wav,five nine six three two
cs_0319.wav,november delta two quebec
cs_0953.wav,whiskey bravo one india whiskey
cs_0325.wav,sierra alpha six november oscar
cs_0766.wav,foxtrot eight hotel mike
rep_0354.wav,five nine five zero zero
cs_0846.wav,x-ray four echo uniform
cs_0586.wav,whiskey echo four quebec lima
cs_0081.wav,juliett golf six mike whiskey november
rep_0220.wav,five nine four three one
cs_0049.wav,juliett yankee four oscar india bravo
rep_0337.wav,five nine seven nine
rep_0218.wav,five nine
cs_0421.wav,alpha bravo three india
rep_0341.wav,five nine zero seven zero
cs_0504.wav,lima alpha nine charlie golf
cs_0168.wav,whiskey kilo two kilo kilo juliett
rep_0245.wav,five nine four one five four
cs_0393.wav,alpha sierra three golf
cs_0059.wav,juliett quebec four papa golf lima
cs_0050.wav,juliett juliett five papa yankee papa
cs_0984.wav,lima eight yankee foxtrot
cs_0986.wav,kilo bravo one november victor
cs_0400.wav,juliett zulu one golf papa
cs_0213.wav,oscar charlie one kilo golf lima
rep_0153.wav,five nine eight seven eight
cs_0435.wav,juliett delta zero foxtrot delta
cs_0987.wav,november seven whiskey
cs_0888.wav,bravo three india charlie
cs_0877.wav,whiskey five bravo quebec
cs_0641.wav,oscar india nine alpha foxtrot
rep_0018.wav,five nine one six nine
cs_0293.wav,whiskey romeo one oscar sierra
cs_0640.wav,charlie oscar six sierra x-ray
cs_0169.wav,juliett zero sierra alpha sierra
cs_0471.wav,kilo india two x-ray golf
cs_0878.wav,kilo juliett zero november november
cs_0512.wav,uniform one zulu zulu
cs_0609.wav,whiskey four alpha golf
rep_0158.wav,five nine five four one two
cs_0787.wav,kilo tango eight echo bravo
rep_0312.wav,five nine four five three
cs_0874.wav,foxtrot golf one juliett zulu
cs_0341.wav,delta four november echo
cs_0751.wav,golf sierra two golf x-ray
cs_0478.wav,juliett three tango
rep_0274.wav,five nine five six four
cs_0791.wav,whiskey quebec four delta
rep_0009.wav,five nine zero seven eight
cs_0287.wav,whiskey zero tango
cs_0025.wav,juliett mike two x-ray hotel november
cs_0121.wav,juliett mike five juliett oscar november
cs_0491.wav,echo november two foxtrot zulu
cs_0129.wav,juliett kilo six romeo delta india
cs_0930.wav,kilo zulu four delta india
cs_0652.wav,whiskey lima seven india alpha
cs_0111.wav,juliett bravo three uniform victor bravo
rep_0150.wav,five nine six seven nine
rep_0066.wav,five nine one four eight
rep_0129.wav,five nine two nine three
rep_0387.wav,five nine nine four six
cs_0701.wav,kilo one victor zulu
rep_0176.wav,five nine
rep_0205.wav,five nine one two four
cs_0078.wav,juliett foxtrot six zulu uniform mike
cs_0639.wav,november two sierra india
rep_0026.wav,five nine nine four four
cs_0159.wav,whiskey lima eight quebec zulu whiskey
cs_0193.wav,uniform romeo one alpha foxtrot echo
rep_0345.wav,five nine three six seven
cs_0841.wav,alpha eight tango romeo
cs_0858.wav,november eight echo november
cs_0109.wav,juliett foxtrot two victor tango mike
cs_0002.wav,juliett sierra one mike november foxtrot
cs_0103.wav,juliett juliett three victor tango charlie
cs_0743.wav,juliett sierra seven yankee
rep_0271.wav,five nine zero five eight
cs_0086.wav,juliett india nine charlie romeo uniform
cs_0612.wav,kilo alpha nine foxtrot
cs_0162.wav,romeo x-ray seven delta romeo quebec
cs_0412.wav,juliett romeo eight foxtrot victor
cs_0665.wav,whiskey foxtrot one november
rep_0065.wav,five nine
cs_0343.wav,juliett nine romeo bravo
cs_0431.wav,november whiskey eight zulu tango
rep_0272.wav,five nine four seven one
cs_0397.wav,whiskey yankee nine tango bravo
cs_0058.wav,juliett mike four november yankee zulu
cs_0922.wav,bravo mike four x-ray
cs_0870.wav,juliett india six mike lima
cs_0729.wav,kilo nine hotel yankee
cs_0300.wav,quebec hotel nine november whiskey
rep_0318.wav,five nine three three five
cs_0124.wav,juliett tango five lima uniform india
cs_0804.wav,juliett victor eight x-ray x-ray
cs_0754.wav,alpha oscar four quebec
rep_0116.wav,five nine five eight five
cs_0139.wav,juliett echo three kilo alpha kilo
cs_0464.wav,charlie nine sierra x-ray
cs_0703.wav,whiskey november six foxtrot foxtrot
cs_0798.wav,whiskey whiskey eight kilo november
rep_0054.wav,five nine
cs_0630.wav,whiskey five foxtrot echo
cs_0344.wav,november nine yankee november
cs_0339.wav,november november six uniform
cs_0427.wav,kilo lima four charlie kilo
cs_0505.wav,kilo juliett eight november lima
cs_0018.wav,juliett hotel one bravo hotel whiskey
rep_0300.wav,five nine zero eight three
cs_0120.wav,juliett juliett zero delta bravo november
cs_0528.wav,november zulu seven x-ray
rep_0293.wav,five nine three eight three
cs_0380.wav,kilo charlie eight romeo tango
cs_0417.wav,charlie seven oscar
rep_0122.wav,five nine zero two four
cs_0113.wav,juliett tango six alpha sierra oscar
cs_0796.wav,whiskey charlie seven whiskey
cs_0383.wav,november eight november romeo
cs_0862.wav,kilo zero uniform
rep_0103.wav,five nine zero five five
cs_0118.wav,juliett sierra five juliett x-ray alpha
rep_0005.wav,five nine zero zero six
cs_0982.wav,juliett alpha three november juliett
cs_0817.wav,kilo november seven papa romeo
cs_0558.wav,tango three charlie
cs_0312.wav,india alpha two bravo
rep_0372.wav,five nine five two zero
cs_0337.wav,juliett papa nine zulu mike
cs_0980.wav,mike nine golf
cs_0736.wav,delta oscar four x-ray whiskey
cs_0184.wav,mike three quebec juliett romeo
rep_0198.wav,five nine three seven five
cs_0468.wav,kilo india two mike
rep_0010.wav,five nine eight zero seven
rep_0145.wav,five nine three nine eight
cs_0636.wav,x-ray two romeo
rep_0151.wav,five nine
cs_0375.wav,golf six foxtrot tango
cs_0041.wav,juliett golf eight romeo charlie echo
cs_0385.wav,uniform one kilo
cs_0150.wav,juliett charlie four november whiskey foxtrot
cs_0009.wav,juliett tango six charlie uniform charlie
cs_0070.wav,juliett sierra two zulu mike november
cs_0648.wav,november kilo two x-ray
rep_0029.wav,five nine seven four five
cs_0605.wav,victor four quebec
cs_0022.wav,juliett mike two uniform victor bravo
cs_0232.wav,kilo four oscar zulu papa
cs_0257.wav,kilo tango one victor x-ray
cs_0147.wav,juliett kilo four india november hotel
cs_0572.wav,november x-ray one zulu tango
cs_0469.wav,juliett five delta golf
cs_0938.wav,hotel november three lima zulu
cs_0388.wav,india zero romeo india
cs_0447.wav,oscar golf eight papa x-ray
cs_0534.wav,victor nine whiskey yankee
cs_0013.wav,juliett x-ray one juliett echo uniform
cs_0359.wav,romeo five echo
rep_0123.wav,five nine
cs_0357.wav,november echo eight kilo oscar
cs_0354.wav,juliett nine victor hotel
rep_0288.wav,five nine four nine nine
rep_0292.wav,five nine six eight seven zero
cs_0342.wav,november four charlie whiskey
cs_0143.wav,juliett quebec eight kilo quebec charlie
cs_0104.wav,juliett sierra nine foxtrot kilo lima
cs_0091.wav,juliett romeo one echo hotel sierra
cs_0289.wav,kilo romeo five papa
cs_0882.wav,kilo delta zero alpha sierra
rep_0174.wav,five nine nine eight two
cs_0957.wav,november victor zero x-ray
rep_0112.wav,five nine nine two two
rep_0291.wav,five nine six eight three
cs_0972.wav,oscar echo nine yankee uniform
cs_0993.wav,lima two zulu tango
cs_0764.wav,november november eight whiskey
rep_0167.wav,five nine one zero six
cs_0189.wav,november yankee two uniform november zulu
rep_0357.wav,five nine nine zero three
rep_0085.wav,five nine
cs_0632.wav,india six foxtrot kilo
rep_0063.wav,five nine three five four
cs_0529.wav,november foxtrot eight november foxtrot
rep_0263.wav,five nine nine one nine
cs_0274.wav,juliett five foxtrot quebec
cs_0152.wav,whiskey oscar five uniform charlie whiskey
cs_0502.wav,kilo mike eight lima golf
cs_0231.wav,tango one lima quebec victor
rep_0169.wav,five nine
cs_0863.wav,whiskey india six hotel yankee
cs_0436.wav,india tango six tango foxtrot
rep_0045.wav,five nine zero nine seven
rep_0382.wav,five nine nine seven nine
rep_0203.wav,five nine three one six
cs_0594.wav,kilo whiskey nine oscar uniform
cs_0271.wav,whiskey india four victor sierra
rep_0230.wav,five nine two seven zero
rep_0356.wav,five nine
cs_0334.wav,golf papa eight november whiskey
cs_0409.wav,november golf five foxtrot
cs_0027.wav,juliett quebec seven november sierra juliett
rep_0127.wav,five nine five five six
cs_0823.wav,kilo two charlie uniform
cs_0220.wav,november six juliett juliett romeo
rep_0342.wav,five nine one seven zero
cs_0126.wav,juliett romeo seven x-ray papa india
cs_0008.wav,juliett india zero yankee whiskey november
cs_0621.wav,juliett two tango victor
rep_0021.wav,five nine five three nine
cs_0864.wav,sierra nine india uniform
cs_0245.wav,whiskey zero foxtrot kilo charlie
cs_0901.wav,papa quebec four lima sierra
rep_0258.wav,five nine zero zero zero
rep_0049.wav,five nine seven six zero
cs_0795.wav,whiskey whiskey five echo zulu
cs_0494.wav,kilo four hotel yankee
cs_0095.wav,juliett x-ray one hotel uniform delta
cs_0163.wav,x-ray one bravo papa charlie
cs_0423.wav,whiskey delta six delta
cs_0414.wav,kilo juliett eight hotel charlie
rep_0143.wav,five nine three two eight
cs_0918.wav,yankee alpha three uniform
cs_0141.wav,juliett mike four november lima foxtrot
cs_0004.wav,juliett lima eight kilo oscar lima
rep_0340.wav,five nine eight three zero
cs_0541.wav,juliett kilo two uniform kilo
rep_0217.wav,five nine eight six four nine
cs_0561.wav,victor papa seven oscar whiskey
cs_0964.wav,lima romeo eight quebec victor
cs_0137.wav,juliett india zero golf mike india
cs_0045.wav,juliett november two yankee golf papa
cs_0441.wav,alpha papa four foxtrot juliett
rep_0172.wav,five nine one eight nine
rep_0257.wav,five nine eight six four
cs_0392.wav,november golf nine juliett foxtrot
cs_0920.wav,yankee zulu nine hotel
cs_0695.wav,papa papa one delta yankee
rep_0323.wav,five nine three nine two
rep_0078.wav,five nine five seven two
cs_0969.wav,november tango two uniform uniform
cs_0664.wav,juliett delta six sierra november
cs_0007.wav,juliett echo three alpha whiskey uniform
rep_0374.wav,five nine one seven seven
cs_0156.wav,juliett uniform zero lima november juliett
cs_0195.wav,november nine yankee lima victor
cs_0705.wav,quebec sierra three charlie juliett
cs_0855.wav,alpha zero whiskey
rep_0181.wav,five nine two three seven
cs_0571.wav,kilo charlie four quebec victor
cs_0749.wav,india tango three hotel delta
cs_0202.wav,zulu zulu nine bravo oscar uniform
cs_0567.wav,november mike seven sierra whiskey
rep_0378.wav,five nine three seven nine eight
cs_0349.wav,tango delta eight romeo foxtrot
rep_0157.wav,five nine eight one two
rep_0079.wav,five nine three seven one
rep_0322.wav,five nine eight two nine
cs_0003.wav,juliett delta zero golf uniform alpha
cs_0061.wav,juliett romeo four foxtrot victor lima
cs_0094.wav,juliett golf eight sierra kilo whiskey
rep_0389.wav,five nine
cs_0308.wav,november sierra five zulu kilo
cs_0768.wav,juliett tango zero alpha
cs_0634.wav,charlie echo five alpha oscar
cs_0570.wav,zulu golf three x-ray foxtrot
cs_0093.wav,juliett hotel one uniform charlie tango
rep_0052.wav,five nine seven seven six
rep_0139.wav,five nine eight five six
cs_0908.wav,whiskey quebec four lima zulu
cs_0506.wav,november nine zulu juliett
cs_0428.wav,kilo yankee four victor victor
cs_0314.wav,kilo tango eight kilo kilo
cs_0735.wav,kilo mike seven yankee alpha
rep_0071.wav,five nine three four three
cs_0108.wav,juliett x-ray one alpha india india
cs_0029.wav,juliett oscar six uniform bravo sierra
cs_0331.wav,whiskey one lima charlie
rep_0246.wav,five nine six three one
cs_0688.wav,whiskey november four x-ray
rep_0075.wav,five nine three zero seven
rep_0260.wav,five nine nine nine zero
cs_0329.wav,delta victor five oscar zulu
cs_0831.wav,kilo four lima mike
rep_0379.wav,five nine one nine two seven
rep_0105.wav,five nine two six two
cs_0626.wav,november yankee two lima
cs_0089.wav,juliett mike nine juliett uniform uniform
cs_0708.wav,november zulu four bravo charlie
rep_0328.wav,five nine
cs_0132.wav,juliett echo zero uniform juliett foxtrot
cs_0481.wav,x-ray five oscar yankee
cs_0807.wav,november foxtrot three hotel foxtrot
cs_0069.wav,juliett foxtrot two november victor x-ray
rep_0170.wav,five nine zero eight zero
cs_0833.wav,sierra yankee three india bravo
rep_0207.wav,five nine one six six
cs_0789.wav,november two foxtrot
rep_0268.wav,five nine six two six
rep_0334.wav,five nine zero one three
cs_0599.wav,juliett one yankee
rep_0242.wav,five nine five eight six
cs_0473.wav,oscar mike four papa echo
cs_0725.wav,golf hotel nine tango november
cs_0556.wav,romeo lima five november quebec
cs_0068.wav,juliett kilo six zulu alpha quebec
rep_0359.wav,five nine
cs_0771.wav,kilo kilo one tango
rep_0144.wav,five nine
cs_0524.wav,whiskey x-ray five hotel x-ray
cs_0819.wav,whiskey golf four x-ray papa
cs_0356.wav,november lima one golf alpha
cs_0219.wav,november eight mike juliett victor
cs_0910.wav,november x-ray five mike victor
cs_0145.wav,juliett delta eight uniform whiskey juliett
rep_0210.wav,five nine eight one seven
cs_0057.wav,juliett kilo four papa papa papa
cs_0164.wav,november two papa lima echo
cs_0014.wav,juliett charlie two golf delta zulu
cs_0991.wav,november nine golf charlie
cs_0786.wav,kilo whiskey three juliett whiskey
rep_0287.wav,five nine eight nine nine one
rep_0069.wav,five nine five two seven
cs_0258.wav,whiskey zulu nine x-ray sierra
cs_0401.wav,echo papa five uniform tango
cs_0884.wav,lima alpha eight quebec
cs_0461.wav,charlie nine uniform
cs_0762.wav,mike sierra three papa
cs_0706.wav,hotel echo six foxtrot november
cs_0887.wav,kilo zulu five whiskey x-ray
cs_0686.wav,alpha kilo zero oscar golf
rep_0320.wav,five nine four seven one
cs_0286.wav,juliett delta three zulu charlie
cs_0170.wav,november foxtrot five kilo charlie papa
cs_0844.wav,november foxtrot one mike victor
cs_0268.wav,golf golf one zulu
cs_0931.wav,whiskey five uniform hotel
rep_0175.wav,five nine seven eight two three
cs_0651.wav,kilo nine tango whiskey
cs_0610.wav,uniform mike three victor
cs_0788.wav,victor lima three india delta
cs_0492.wav,sierra delta one quebec
cs_0416.wav,bravo nine uniform zulu
cs_0419.wav,victor four lima
cs_0031.wav,juliett quebec five charlie november juliett
cs_0096.wav,juliett papa eight yankee quebec alpha
cs_0038.wav,juliett golf nine whiskey victor foxtrot
cs_0483.wav,yankee six tango india
cs_0543.wav,alpha five alpha zulu
rep_0056.wav,five nine zero five three
cs_0403.wav,victor echo four tango echo
cs_0522.wav,victor x-ray three zulu golf
rep_0281.wav,five nine two two eight
cs_0696.wav,november charlie zero foxtrot x-ray
cs_0672.wav,golf kilo four bravo lima
cs_0372.wav,juliett lima four india
cs_0533.wav,mike oscar nine kilo foxtrot
cs_0216.wav,kilo x-ray four whiskey hotel delta
cs_0821.wav,november four x-ray
cs_0574.wav,kilo victor eight x-ray mike
rep_0222.wav,five nine eight two nine
cs_0236.wav,whiskey delta six alpha juliett zulu
cs_0523.wav,juliett tango five victor romeo
rep_0100.wav,five nine five nine nine
cs_0260.wav,whiskey delta eight foxtrot
cs_0073.wav,juliett quebec four charlie victor november
cs_0194.wav,kilo oscar eight bravo bravo november
cs_0171.wav,whiskey papa three bravo juliett romeo
cs_0629.wav,november bravo six oscar juliett
cs_0197.wav,november tango five echo papa oscar
cs_0949.wav,sierra kilo six x-ray echo
cs_0745.wav,november hotel five golf delta
cs_0620.wav,november romeo five bravo
cs_0904.wav,uniform victor eight uniform
cs_0627.wav,echo bravo zero kilo kilo
cs_0658.wav,golf uniform four foxtrot foxtrot
cs_0155.wav,whiskey six juliett papa juliett
cs_0422.wav,kilo hotel four mike papa
rep_0308.wav,five nine
cs_0689.wav,whiskey november two uniform
rep_0321.wav,five nine zero one seven
cs_0128.wav,juliett charlie seven romeo oscar golf
cs_0165.wav,bravo nine echo sierra victor
cs_0694.wav,zulu bravo two oscar golf
rep_0355.wav,five nine six six eight
cs_0659.wav,mike victor one mike yankee
cs_0182.wav,yankee three mike delta november
rep_0019.wav,five nine three seven three five
cs_0085.wav,juliett delta eight golf india delta
cs_0613.wav,golf five delta uniform
rep_0140.wav,five nine seven nine nine
rep_0038.wav,five nine two five five
rep_0023.wav,five nine five nine eight
cs_0825.wav,whiskey six mike victor
rep_0388.wav,five nine three one one
cs_0718.wav,lima tango five tango mike
cs_0549.wav,whiskey charlie three zulu yankee
cs_0244.wav,juliett two charlie india uniform
cs_0837.wav,mike victor six uniform foxtrot
cs_0433.wav,kilo juliett one bravo
rep_0335.wav,five nine five eight four
cs_0717.wav,papa oscar three yankee juliett
rep_0082.wav,five nine eight two seven
cs_0365.wav,whiskey zero zulu
cs_0532.wav,whiskey whiskey eight november
cs_0188.wav,sierra eight zulu golf alpha
cs_0820.wav,november uniform zero romeo echo
cs_0306.wav,november juliett five romeo golf
rep_0294.wav,five nine eight seven one
rep_0376.wav,five nine three eight nine
cs_0055.wav,juliett echo four november zulu juliett
rep_0307.wav,five nine one four three
cs_0509.wav,juliett golf one hotel kilo
cs_0225.wav,kilo bravo nine echo yankee charlie
cs_0065.wav,juliett mike three kilo uniform x-ray
cs_0763.wav,whiskey tango one lima
cs_0843.wav,zulu zulu six tango papa
cs_0222.wav,alpha romeo one hotel papa echo
cs_0775.wav,kilo two uniform papa
rep_0014.wav,five nine five four three
cs_0711.wav,whiskey x-ray seven alpha charlie
cs_0995.wav,juliett uniform seven november hotel
cs_0234.wav,november four golf delta hotel
rep_0182.wav,five nine nine seven three
rep_0089.wav,five nine four nine eight
cs_0348.wav,kilo charlie six alpha juliett
rep_0036.wav,five nine one four one six
cs_0498.wav,sierra charlie three november foxtrot
cs_0994.wav,juliett whiskey four delta
rep_0068.wav,five nine
cs_0776.wav,whiskey foxtrot four victor golf
cs_0731.wav,kilo uniform zero oscar victor
cs_0367.wav,november seven tango foxtrot
cs_0087.wav,juliett whiskey six mike victor juliett
cs_0800.wav,november five tango oscar
cs_0891.wav,zulu yankee three sierra golf
cs_0955.wav,whiskey six yankee alpha
cs_0399.wav,juliett echo five juliett foxtrot
cs_0728.wav,juliett lima six charlie alpha
cs_0501.wav,november romeo five x-ray uniform
cs_0666.wav,romeo kilo six alpha
cs_0247.wav,juliett juliett nine india mike papa
cs_0361.wav,whiskey whiskey eight india
cs_0425.wav,sierra delta seven victor yankee
cs_0611.wav,mike lima one alpha
rep_0004.wav,five nine one four three
cs_0054.wav,juliett quebec five romeo uniform victor
rep_0234.wav,five nine one eight one
rep_0031.wav,five nine six one nine
rep_0262.wav,five nine four seven seven
rep_0248.wav,five nine
cs_0951.wav,kilo three kilo uniform
cs_0999.wav,oscar foxtrot eight alpha
cs_0603.wav,uniform november eight echo delta
cs_0792.wav,november delta six whiskey
cs_0518.wav,hotel zulu eight november golf
rep_0254.wav,five nine nine five four
cs_0140.wav,juliett india five mike sierra echo
cs_0790.wav,kilo four alpha india
cs_0448.wav,juliett zero delta
cs_0157.wav,kilo quebec five kilo november yankee
rep_0298.wav,five nine nine four five
rep_0369.wav,five nine zero one zero
cs_0554.wav,mike four mike juliett
cs_0313.wav,november four uniform alpha
rep_0375.wav,five nine five one nine
cs_0947.wav,hotel whiskey eight bravo
cs_0702.wav,quebec juliett three quebec
cs_0192.wav,november mike four golf x-ray delta
rep_0280.wav,five nine
cs_0801.wav,november tango seven papa x-ray
cs_0142.wav,juliett hotel nine alpha lima zulu
cs_0981.wav,whiskey oscar nine papa romeo
rep_0093.wav,five nine zero three three
cs_0893.wav,kilo uniform four zulu oscar
rep_0276.wav,five nine zero five two
rep_0040.wav,five nine five four zero
rep_0195.wav,five nine six five one
cs_0199.wav,whiskey mike five tango echo oscar
cs_0020.wav,juliett tango six papa quebec echo
cs_0907.wav,whiskey alpha three tango victor
cs_0676.wav,uniform juliett six bravo
cs_0872.wav,delta juliett seven papa
cs_0815.wav,november delta four juliett november
cs_0297.wav,juliett delta six bravo delta
cs_0420.wav,foxtrot hotel zero india bravo
cs_0954.wav,papa two romeo
rep_0224.wav,five nine four five seven zero
cs_0217.wav,kilo victor one golf mike echo
rep_0399.wav,five nine two zero four
cs_0242.wav,kilo tango zero lima uniform echo
cs_0201.wav,juliett lima five november delta zulu
cs_0608.wav,uniform oscar seven hotel foxtrot
cs_0090.wav,juliett whiskey zero romeo bravo whiskey
cs_0408.wav,oscar five mike
rep_0098.wav,five nine zero eight three
cs_0669.wav,india x-ray two uniform tango
cs_0756.wav,november echo five charlie oscar
cs_0346.wav,delta romeo zero quebec bravo
cs_0318.wav,juliett four tango papa
cs_0105.wav,juliett november zero kilo juliett yankee
rep_0007.wav,five nine nine five three
cs_0153.wav,whiskey india eight uniform whiskey tango
rep_0106.wav,five nine nine zero six
cs_0803.wav,november four golf whiskey
rep_0310.wav,five nine two six zero
rep_0017.wav,five nine eight one nine
rep_0290.wav,five nine nine five six
cs_0429.wav,tango mike four x-ray bravo
cs_0813.wav,india hotel five kilo
cs_0391.wav,victor charlie nine delta
cs_0480.wav,whiskey yankee four juliett india
rep_0208.wav,five nine one five two
rep_0055.wav,five nine
cs_0119.wav,juliett romeo one romeo india kilo
rep_0400.wav,five nine zero five six
cs_0767.wav,kilo two echo mike
cs_0555.wav,victor six zulu delta
rep_0050.wav,five nine seven two zero six
rep_0104.wav,five nine five three zero seven
cs_0026.wav,juliett whiskey one hotel romeo charlie
rep_0197.wav,five nine zero four zero
rep_0353.wav,five nine five three four
cs_0030.wav,juliett uniform one bravo foxtrot hotel
cs_0879.wav,x-ray x-ray three uniform november
rep_0108.wav,five nine two six five
cs_0540.wav,golf three uniform
cs_0827.wav,whiskey one papa
rep_0394.wav,five nine nine three five
cs_0642.wav,kilo eight hotel november
rep_0367.wav,five nine
cs_0255.wav,whiskey whiskey three x-ray oscar
cs_0495.wav,whiskey delta two golf
rep_0091.wav,five nine seven nine one
cs_0279.wav,whiskey x-ray zero papa
cs_0761.wav,juliett six golf uniform
cs_0046.wav,juliett golf six lima romeo lima
cs_0249.wav,delta whiskey eight romeo november juliett
cs_0238.wav,juliett whiskey four romeo quebec mike
cs_0465.wav,november zero echo
cs_0418.wav,kilo one golf charlie
rep_0136.wav,five nine zero zero five
cs_0646.wav,hotel whiskey two tango juliett
rep_0094.wav,five nine four zero eight
rep_0275.wav,five nine eight three seven eight
cs_0276.wav,whiskey sierra seven foxtrot delta
cs_0616.wav,whiskey india five sierra foxtrot
cs_0915.wav,golf one india
rep_0037.wav,five nine five one seven
rep_0118.wav,five nine zero zero zero
cs_0799.wav,juliett five tango yankee
cs_0277.wav,whiskey zero india whiskey
cs_0209.wav,whiskey hotel eight sierra uniform papa
rep_0296.wav,five nine seven five eight two
cs_0387.wav,whiskey quebec four uniform november
cs_0935.wav,mike sierra one alpha zulu
cs_0660.wav,kilo seven hotel
cs_0899.wav,kilo papa one delta sierra
cs_0869.wav,november victor zero juliett x-ray
cs_0591.wav,whiskey foxtrot two echo yankee
cs_0023.wav,juliett tango six golf juliett foxtrot
rep_0255.wav,five nine zero six two
rep_0223.wav,five nine two five three
cs_0497.wav,whiskey bravo nine romeo lima
rep_0398.wav,five nine four five four
rep_0284.wav,five nine zero eight two
rep_0088.wav,five nine four six six
cs_0229.wav,yankee six lima lima lima
cs_0110.wav,juliett foxtrot three papa papa quebec
rep_0099.wav,five nine nine eight four zero
rep_0196.wav,five nine nine two three three
rep_0020.wav,five nine zero zero nine
cs_0607.wav,whiskey nine romeo alpha
rep_0180.wav,five nine one three five
rep_0371.wav,five nine three seven six
rep_0154.wav,five nine five one three
cs_0774.wav,november nine charlie lima
cs_0035.wav,juliett zulu zero tango papa november
cs_1000.wav,november five quebec
cs_0797.wav,juliett tango five hotel
cs_0623.wav,victor foxtrot six november tango
cs_0173.wav,quebec five oscar juliett echo
cs_0547.wav,hotel whiskey one quebec
cs_0389.wav,whiskey mike two whiskey india
cs_0978.wav,whiskey mike three bravo quebec
cs_0618.wav,mike victor five lima bravo
rep_0348.wav,five nine three six eight
cs_0649.wav,papa foxtrot six india whiskey
rep_0046.wav,five nine four one eight
cs_0560.wav,india bravo zero november
cs_0036.wav,juliett hotel one romeo charlie quebec
cs_0434.wav,foxtrot two sierra tango
cs_0056.wav,juliett uniform six kilo tango alpha
cs_0917.wav,kilo kilo six papa
cs_0671.wav,whiskey four whiskey
cs_0782.wav,echo foxtrot two november hotel
rep_0192.wav,five nine two nine nine
cs_0237.wav,foxtrot eight bravo charlie x-ray
rep_0003.wav,five nine eight three one
cs_0460.wav,whiskey india nine romeo
cs_0452.wav,golf november two romeo yankee
rep_0156.wav,five nine five eight zero
cs_0569.wav,whiskey five sierra
cs_0415.wav,lima four alpha papa
cs_0311.wav,bravo x-ray eight sierra tango
cs_0583.wav,romeo india zero oscar
rep_0162.wav,five nine eight seven zero
rep_0146.wav,five nine eight nine one
rep_0187.wav,five nine seven one
rep_0087.wav,five nine four seven one three
cs_0588.wav,juliett papa two india zulu
rep_0249.wav,five nine one eight three
rep_0363.wav,five nine five three eight
rep_0184.wav,five nine six three eight
cs_0741.wav,whiskey india five hotel delta
cs_0298.wav,oscar uniform six tango whiskey
cs_0905.wav,juliett november one hotel
cs_0470.wav,quebec quebec two kilo whiskey
cs_0466.wav,kilo victor zero mike alpha
cs_0845.wav,juliett six oscar whiskey
rep_0286.wav,five nine
cs_0535.wav,november seven quebec india
cs_0898.wav,delta quebec eight echo yankee
cs_0440.wav,bravo bravo one charlie november
rep_0327.wav,five nine seven seven three
cs_0793.wav,lima papa two alpha foxtrot
cs_0459.wav,yankee five juliett echo
cs_0601.wav,mike one victor foxtrot
cs_0867.wav,juliett four foxtrot mike
cs_0759.wav,kilo kilo eight lima
rep_0135.wav,five nine nine seven nine
rep_0314.wav,five nine two nine one
rep_0397.wav,five nine two seven five
rep_0186.wav,five nine seven four one
rep_0279.wav,five nine
rep_0081.wav,five nine one one nine
rep_0131.wav,five nine zero three six
rep_0057.wav,five nine eight six three
rep_0171.wav,five nine six seven four
cs_0092.wav,juliett papa seven romeo yankee juliett
cs_0224.wav,juliett sierra zero india juliett delta
rep_0012.wav,five nine
rep_0350.wav,five nine two zero one
rep_0343.wav,five nine four five zero
cs_0455.wav,kilo delta nine alpha kilo
rep_0303.wav,five nine
cs_0290.wav,juliett delta seven golf zulu
rep_0261.wav,five nine three four eight
rep_0163.wav,five nine four three two
rep_0053.wav,five nine seven six four
cs_0292.wav,delta echo seven india kilo
rep_0299.wav,five nine five three four
rep_0212.wav,five nine one eight five
cs_0633.wav,victor november seven delta alpha
cs_0839.wav,juliett romeo eight yankee
rep_0252.wav,five nine five four zero
cs_0934.wav,whiskey delta nine zulu
cs_0719.wav,kilo mike four zulu india
cs_0396.wav,kilo romeo four echo victor
cs_0158.wav,tango quebec eight lima bravo november
cs_0753.wav,golf golf two delta mike
cs_0005.wav,juliett bravo four oscar foxtrot whiskey
cs_0082.wav,juliett charlie one alpha whiskey mike
rep_0159.wav,five nine one four two
cs_0321.wav,november five zulu
cs_0808.wav,kilo five whiskey juliett
cs_0006.wav,juliett charlie seven sierra juliett hotel
cs_0983.wav,whiskey nine tango lima
rep_0028.wav,five nine three nine two
cs_0515.wav,victor november nine golf delta
cs_0657.wav,whiskey zero alpha
cs_0944.wav,november x-ray seven foxtrot whiskey
cs_0527.wav,whiskey foxtrot zero oscar hotel
cs_0644.wav,november papa two mike lima
rep_0364.wav,five nine one two five
cs_0989.wav,november six sierra
cs_0251.wav,november uniform one echo zulu
cs_0373.wav,yankee two tango kilo
rep_0360.wav,five nine
cs_0235.wav,sierra one november victor golf
rep_0042.wav,five nine
cs_0116.wav,juliett echo one golf juliett mike
cs_0493.wav,juliett november nine lima juliett
rep_0266.wav,five nine six zero five eight
cs_0208.wav,romeo delta eight alpha oscar mike
cs_0053.wav,juliett november zero quebec golf november
cs_0830.wav,whiskey lima seven lima
cs_0758.wav,whiskey seven echo hotel
rep_0114.wav,five nine
cs_0330.wav,juliett victor zero x-ray juliett
cs_0943.wav,victor nine delta victor
cs_0812.wav,juliett tango one uniform
rep_0138.wav,five nine eight eight four nine
rep_0250.wav,five nine seven six eight
cs_0525.wav,november alpha seven golf
cs_0592.wav,tango eight papa
cs_0531.wav,kilo seven november sierra
cs_0932.wav,whiskey november one charlie bravo
cs_0024.wav,juliett yankee seven juliett lima kilo
cs_0066.wav,juliett quebec six papa india juliett
cs_0785.wav,romeo oscar one lima
cs_0133.wav,juliett x-ray one echo november uniform
rep_0227.wav,five nine
cs_0928.wav,kilo five quebec
cs_0939.wav,x-ray eight tango mike
cs_0281.wav,whiskey three kilo november
cs_0040.wav,juliett whiskey three tango mike yankee
cs_0304.wav,juliett foxtrot five uniform
cs_0273.wav,yankee india five november charlie
cs_0519.wav,kilo alpha seven x-ray kilo
cs_0043.wav,juliett november two foxtrot papa tango
cs_0698.wav,kilo one juliett golf
rep_0221.wav,five nine four two six
cs_0842.wav,juliett two whiskey tango
cs_0832.wav,juliett nine yankee
rep_0148.wav,five nine
cs_0513.wav,sierra kilo zero kilo
cs_0516.wav,november delta two victor hotel
cs_0100.wav,juliett lima one lima golf foxtrot
rep_0265.wav,five nine
cs_0462.wav,juliett foxtrot eight alpha
cs_0902.wav,oscar five sierra romeo
rep_0191.wav,five nine six four one
cs_0316.wav,november three lima whiskey
cs_0809.wav,whiskey five echo victor
cs_0196.wav,kilo oscar eight alpha delta echo
cs_0683.wav,oscar one oscar echo
cs_0661.wav,whiskey charlie zero victor india
cs_0052.wav,juliett yankee eight delta alpha echo
cs_0777.wav,x-ray victor three uniform quebec
cs_0716.wav,victor three papa delta
cs_0438.wav,uniform oscar five papa
cs_0382.wav,november juliett eight tango charlie
rep_0141.wav,five nine five four eight
rep_0215.wav,five nine two two two
rep_0319.wav,five nine seven six three
cs_0154.wav,oscar juliett six uniform charlie x-ray
cs_0303.wav,whiskey five alpha
cs_0988.wav,juliett victor two victor oscar
cs_0816.wav,whiskey echo nine sierra uniform
cs_0546.wav,kilo three quebec bravo
cs_0723.wav,kilo india five india sierra
rep_0373.wav,five nine three five two
cs_0903.wav,india echo zero romeo alpha
cs_0394.wav,echo echo three oscar mike
cs_0615.wav,charlie zulu one golf
cs_0261.wav,tango kilo zero india
rep_0043.wav,five nine nine two four
cs_0916.wav,quebec alpha zero zulu
cs_0484.wav,alpha india six alpha
cs_0650.wav,kilo kilo five kilo golf
cs_0379.wav,kilo oscar two victor x-ray
cs_0037.wav,juliett papa three whiskey x-ray delta
cs_0585.wav,foxtrot golf two zulu
cs_0584.wav,tango nine victor lima
cs_0909.wav,hotel zero mike lima
cs_0230.wav,november delta five zulu uniform lima
cs_0442.wav,romeo uniform four hotel uniform
rep_0155.wav,five nine zero zero zero
rep_0256.wav,five nine eight eight nine
cs_0402.wav,kilo november three tango
cs_0098.wav,juliett romeo seven echo echo lima
cs_0551.wav,whiskey romeo four lima zulu
rep_0211.wav,five nine nine five two
cs_0562.wav,oscar three echo papa
rep_0362.wav,five nine nine seven six
cs_0307.wav,charlie victor three foxtrot yankee
cs_0336.wav,whiskey charlie two bravo echo
cs_0381.wav,bravo zulu eight foxtrot
rep_0283.wav,five nine five seven seven
cs_0458.wav,delta november one romeo kilo
cs_0267.wav,whiskey victor two kilo mike
cs_0856.wav,sierra tango one alpha
cs_0486.wav,echo kilo four golf whiskey
cs_0488.wav,whiskey one yankee foxtrot
cs_0566.wav,whiskey mike one romeo papa
rep_0189.wav,five nine eight three zero
cs_0975.wav,sierra lima six november romeo
cs_0881.wav,kilo nine tango echo
cs_0959.wav,juliett bravo five romeo
cs_0136.wav,juliett juliett two bravo whiskey delta
cs_0149.wav,juliett victor five kilo india november
cs_0315.wav,romeo whiskey four mike foxtrot
cs_0161.wav,kilo victor seven uniform november foxtrot
cs_0670.wav,charlie bravo two x-ray romeo
rep_0185.wav,five nine one five zero
rep_0392.wav,five nine seven four five
rep_0101.wav,five nine three zero nine
cs_0840.wav,sierra six oscar zulu
cs_0929.wav,kilo zero x-ray romeo
cs_0309.wav,echo two hotel mike
cs_0076.wav,juliett delta five kilo juliett echo
cs_0784.wav,echo mike two bravo
rep_0002.wav,five nine
cs_0439.wav,x-ray quebec four alpha lima
cs_0849.wav,kilo delta six alpha foxtrot
cs_0084.wav,juliett bravo eight foxtrot sierra kilo
rep_0381.wav,five nine nine four zero
rep_0214.wav,five nine six four five
cs_0266.wav,whiskey tango one november kilo
cs_0693.wav,kilo charlie one x-ray hotel
cs_0288.wav,whiskey six lima quebec
rep_0173.wav,five nine four zero eight
cs_0340.wav,juliett november nine zulu
cs_0398.wav,whiskey four zulu x-ray
cs_0183.wav,kilo romeo six hotel foxtrot lima
rep_0024.wav,five nine eight seven two
cs_0327.wav,echo charlie three papa x-ray
cs_0740.wav,kilo papa three uniform whiskey
cs_0511.wav,kilo nine whiskey
cs_0563.wav,foxtrot five tango quebec
cs_0679.wav,zulu alpha five yankee kilo
cs_0838.wav,oscar foxtrot zero uniform
cs_0198.wav,papa four juliett india tango
cs_0568.wav,whiskey foxtrot two bravo
cs_0875.wav,november three bravo
cs_0135.wav,juliett echo eight lima juliett whiskey
cs_0520.wav,kilo one x-ray tango
rep_0013.wav,five nine six three five
cs_0177.wav,zulu mike nine uniform quebec charlie
rep_0121.wav,five nine
cs_0602.wav,whiskey hotel eight india
rep_0200.wav,five nine five five zero
cs_0748.wav,mike papa three india uniform
cs_0811.wav,zulu mike two quebec echo
cs_0897.wav,kilo x-ray two hotel hotel
cs_0102.wav,juliett alpha five bravo golf uniform
cs_0778.wav,whiskey one echo
cs_0477.wav,november four hotel tango
cs_0559.wav,lima three juliett lima
cs_0424.wav,kilo sierra three mike uniform
cs_0430.wav,whiskey zero india victor
cs_0310.wav,x-ray hotel nine bravo
cs_0685.wav,bravo romeo one bravo
cs_0413.wav,juliett zulu nine sierra delta
rep_0251.wav,five nine four one five
rep_0247.wav,five nine zero zero seven
cs_0779.wav,tango yankee five oscar alpha
cs_0635.wav,juliett bravo five sierra mike
cs_0737.wav,kilo foxtrot six uniform
rep_0313.wav,five nine seven two four
cs_0942.wav,kilo golf two uniform romeo
rep_0386.wav,five nine eight nine two
rep_0076.wav,five nine seven eight one
rep_0237.wav,five nine two seven nine
rep_0115.wav,five nine four six eight
cs_0405.wav,whiskey oscar zero uniform echo
cs_0127.wav,juliett kilo three bravo juliett quebec
cs_0906.wav,kilo tango two delta zulu
cs_0852.wav,kilo zero kilo sierra
cs_0747.wav,india juliett one oscar
cs_0011.wav,juliett papa eight golf whiskey foxtrot
rep_0344.wav,five nine zero six two
cs_0732.wav,whiskey bravo eight quebec
cs_0489.wav,kilo uniform one lima delta
cs_0781.wav,whiskey hotel two alpha
rep_0264.wav,five nine zero nine seven
cs_0647.wav,lima juliett one victor juliett
rep_0061.wav,five nine two zero two
rep_0289.wav,five nine zero four
cs_0757.wav,november echo six hotel
cs_0376.wav,juliett five charlie
cs_0871.wav,whiskey nine hotel foxtrot
rep_0269.wav,five nine five nine eight
cs_0923.wav,juliett hotel zero victor uniform
rep_0097.wav,five nine one seven one
cs_0186.wav,kilo sierra nine echo victor oscar
cs_0828.wav,mike golf seven alpha
cs_0956.wav,whiskey seven quebec alpha
cs_0780.wav,kilo yankee nine alpha uniform
cs_0536.wav,oscar four zulu
rep_0124.wav,five nine eight four eight
cs_0262.wav,november india zero whiskey yankee
rep_0188.wav,five nine one nine one
cs_0088.wav,juliett juliett zero x-ray mike bravo
cs_0449.wav,mike oscar three uniform zulu
cs_0802.wav,x-ray zero victor papa
cs_0200.wav,papa nine mike oscar foxtrot
rep_0152.wav,five nine nine six four
rep_0070.wav,five nine two eight one
cs_0285.wav,whiskey echo two whiskey
cs_0472.wav,romeo foxtrot seven yankee
cs_0600.wav,november zulu eight echo echo
cs_0363.wav,mike tango three india echo
cs_0167.wav,juliett five november golf kilo
cs_0205.wav,kilo zulu nine x-ray charlie lima
cs_0221.wav,mike delta seven november echo india
cs_0880.wav,november hotel zero charlie juliett
cs_0865.wav,november zero delta tango
rep_0305.wav,five nine eight nine zero
cs_0226.wav,kilo three delta charlie foxtrot
cs_0715.wav,foxtrot nine november uniform
rep_0395.wav,five nine four eight
